<?xml version="1.0" encoding="UTF-8"?>
<XML>
	<MATERIALLIST>
		<MATERIAL name="gzd_map_Prison_wall001_mt_con">
			<DIFFUSE>0.5882353 0.5882353 0.5882353</DIFFUSE>
			<AMBIENT>0.5882353 0.5882353 0.5882353</AMBIENT>
			<SPECULAR>0.9000000 0.9000000 0.9000000</SPECULAR>
			<DIFFUSEMAP>../Prison/gzd_map_Prison_wall001.bmp</DIFFUSEMAP>
		</MATERIAL>
		<MATERIAL name="gzd_map_Prison_deco003_1_mt_met">
			<DIFFUSE>0.5882353 0.5882353 0.5882353</DIFFUSE>
			<AMBIENT>0.5882353 0.5882353 0.5882353</AMBIENT>
			<SPECULAR>0.9000000 0.9000000 0.9000000</SPECULAR>
			<DIFFUSEMAP>gzd_map_Prison_deco003_1.bmp</DIFFUSEMAP>
		</MATERIAL>
		<MATERIAL name="gzd_map_Prison_d-pipe001_1_mt_con">
			<DIFFUSE>0.5882353 0.5882353 0.5882353</DIFFUSE>
			<AMBIENT>0.5882353 0.5882353 0.5882353</AMBIENT>
			<SPECULAR>0.9000000 0.9000000 0.9000000</SPECULAR>
			<DIFFUSEMAP>gzd_map_Prison_d-pipe001_1.bmp</DIFFUSEMAP>
		</MATERIAL>
		<MATERIAL name="gzd_map_Prison_deco001_1_mt_con">
			<DIFFUSE>0.5882353 0.5882353 0.5882353</DIFFUSE>
			<AMBIENT>0.5882353 0.5882353 0.5882353</AMBIENT>
			<SPECULAR>0.9000000 0.9000000 0.9000000</SPECULAR>
			<DIFFUSEMAP>gzd_map_Prison_deco001_1.bmp</DIFFUSEMAP>
		</MATERIAL>
		<MATERIAL name="gzd_map_Prison_fx001_2s_add">
			<DIFFUSE>0.5882353 0.5882353 0.5882353</DIFFUSE>
			<AMBIENT>0.5882353 0.5882353 0.5882353</AMBIENT>
			<SPECULAR>0.9000000 0.9000000 0.9000000</SPECULAR>
			<DIFFUSEMAP>../Prison/gzd_map_Prison_fx001.bmp</DIFFUSEMAP>
			<ADDITIVE/>
			<TWOSIDED/>
		</MATERIAL>
		<MATERIAL name="gzd_map_Prison_grating003_mt_met">
			<DIFFUSE>0.5882353 0.5882353 0.5882353</DIFFUSE>
			<AMBIENT>0.5882353 0.5882353 0.5882353</AMBIENT>
			<SPECULAR>0.9000000 0.9000000 0.9000000</SPECULAR>
			<DIFFUSEMAP>../Prison/gzd_map_Prison_grating003.tga</DIFFUSEMAP>
			<USEOPACITY/>
		</MATERIAL>
		<MATERIAL name="gzd_map_Prison_grating002_mt_met">
			<DIFFUSE>0.5882353 0.5882353 0.5882353</DIFFUSE>
			<AMBIENT>0.5882353 0.5882353 0.5882353</AMBIENT>
			<SPECULAR>0.9000000 0.9000000 0.9000000</SPECULAR>
			<DIFFUSEMAP>../Prison/gzd_map_Prison_grating002.bmp</DIFFUSEMAP>
		</MATERIAL>
		<MATERIAL name="gzd_map_Prison_water001_add">
			<DIFFUSE>0.5880000 0.5880000 0.5880000</DIFFUSE>
			<AMBIENT>0.5880000 0.5880000 0.5880000</AMBIENT>
			<SPECULAR>0.9000000 0.9000000 0.9000000</SPECULAR>
			<DIFFUSEMAP>../Prison/gzd_map_Prison_water001.bmp</DIFFUSEMAP>
			<ADDITIVE/>
		</MATERIAL>
		<MATERIAL name="gzd_map_Prison_deco002_mt_met">
			<DIFFUSE>0.5882353 0.5882353 0.5882353</DIFFUSE>
			<AMBIENT>0.5882353 0.5882353 0.5882353</AMBIENT>
			<SPECULAR>0.9000000 0.9000000 0.9000000</SPECULAR>
			<DIFFUSEMAP>../Prison/gzd_map_Prison_deco002.bmp</DIFFUSEMAP>
		</MATERIAL>
		<MATERIAL name="gzd_map_Prison_door001_mt_met">
			<DIFFUSE>0.5882353 0.5882353 0.5882353</DIFFUSE>
			<AMBIENT>0.5882353 0.5882353 0.5882353</AMBIENT>
			<SPECULAR>0.9000000 0.9000000 0.9000000</SPECULAR>
			<DIFFUSEMAP>../Prison/gzd_map_Prison_door001.bmp</DIFFUSEMAP>
		</MATERIAL>
		<MATERIAL name="gzd_map_Prison_fx001_add">
			<DIFFUSE>0.5882353 0.5882353 0.5882353</DIFFUSE>
			<AMBIENT>0.5882353 0.5882353 0.5882353</AMBIENT>
			<SPECULAR>0.9000000 0.9000000 0.9000000</SPECULAR>
			<DIFFUSEMAP>../Prison/gzd_map_Prison_fx001.bmp</DIFFUSEMAP>
			<ADDITIVE/>
		</MATERIAL>
		<MATERIAL name="gzd_map_Prison_bed001_mt_drt">
			<DIFFUSE>0.5882353 0.5882353 0.5882353</DIFFUSE>
			<AMBIENT>0.5882353 0.5882353 0.5882353</AMBIENT>
			<SPECULAR>0.9000000 0.9000000 0.9000000</SPECULAR>
			<DIFFUSEMAP>../Prison/gzd_map_Prison_bed001.bmp</DIFFUSEMAP>
		</MATERIAL>
		<MATERIAL name="gzd_map_Prison_floor002_mt_con">
			<DIFFUSE>0.5882353 0.5882353 0.5882353</DIFFUSE>
			<AMBIENT>0.5882353 0.5882353 0.5882353</AMBIENT>
			<SPECULAR>0.9000000 0.9000000 0.9000000</SPECULAR>
			<DIFFUSEMAP>../Prison/gzd_map_Prison_floor002.bmp</DIFFUSEMAP>
		</MATERIAL>
		<MATERIAL name="gzd_map_Prison_roof001_mt_con">
			<DIFFUSE>0.5882353 0.5882353 0.5882353</DIFFUSE>
			<AMBIENT>0.5882353 0.5882353 0.5882353</AMBIENT>
			<SPECULAR>0.9000000 0.9000000 0.9000000</SPECULAR>
			<DIFFUSEMAP>../Prison/gzd_map_Prison_roof001.bmp</DIFFUSEMAP>
		</MATERIAL>
		<MATERIAL name="gzd_map_Prison_win001_mt_gls">
			<DIFFUSE>0.5880000 0.5880000 0.5880000</DIFFUSE>
			<AMBIENT>0.5880000 0.5880000 0.5880000</AMBIENT>
			<SPECULAR>0.9000000 0.9000000 0.9000000</SPECULAR>
			<DIFFUSEMAP>../Prison/gzd_map_Prison_win001.bmp</DIFFUSEMAP>
		</MATERIAL>
		<MATERIAL name="gzd_map_Prison_shower001_mt_con">
			<DIFFUSE>0.5882353 0.5882353 0.5882353</DIFFUSE>
			<AMBIENT>0.5882353 0.5882353 0.5882353</AMBIENT>
			<SPECULAR>0.9000000 0.9000000 0.9000000</SPECULAR>
			<DIFFUSEMAP>../Prison/gzd_map_Prison_shower001.bmp</DIFFUSEMAP>
		</MATERIAL>
		<MATERIAL name="gzd_map_Prison_wall003_mt_con">
			<DIFFUSE>0.5882353 0.5882353 0.5882353</DIFFUSE>
			<AMBIENT>0.5882353 0.5882353 0.5882353</AMBIENT>
			<SPECULAR>0.9000000 0.9000000 0.9000000</SPECULAR>
			<DIFFUSEMAP>../Prison/gzd_map_Prison_wall003.bmp</DIFFUSEMAP>
		</MATERIAL>
		<MATERIAL name="gzd_map_Prison_deco003_mt_met">
			<DIFFUSE>0.5882353 0.5882353 0.5882353</DIFFUSE>
			<AMBIENT>0.5882353 0.5882353 0.5882353</AMBIENT>
			<SPECULAR>0.9000000 0.9000000 0.9000000</SPECULAR>
			<DIFFUSEMAP>../Prison/gzd_map_Prison_deco003.bmp</DIFFUSEMAP>
		</MATERIAL>
		<MATERIAL name="gzd_map_Prison_newspaper001_mt_drt">
			<DIFFUSE>0.5882353 0.5882353 0.5882353</DIFFUSE>
			<AMBIENT>0.5882353 0.5882353 0.5882353</AMBIENT>
			<SPECULAR>0.9000000 0.9000000 0.9000000</SPECULAR>
			<DIFFUSEMAP>../Prison/gzd_map_Prison_newspaper001.tga</DIFFUSEMAP>
			<USEOPACITY/>
		</MATERIAL>
		<MATERIAL name="gzd_map_Prison_wall001_1_mt_con">
			<DIFFUSE>0.5882353 0.5882353 0.5882353</DIFFUSE>
			<AMBIENT>0.5882353 0.5882353 0.5882353</AMBIENT>
			<SPECULAR>0.9000000 0.9000000 0.9000000</SPECULAR>
			<DIFFUSEMAP>../Prison/gzd_map_Prison_wall001_1.bmp</DIFFUSEMAP>
		</MATERIAL>
		<MATERIAL name="gzd_map_Prison_box01_mt_met">
			<DIFFUSE>0.5880000 0.5880000 0.5880000</DIFFUSE>
			<AMBIENT>0.5880000 0.5880000 0.5880000</AMBIENT>
			<SPECULAR>0.9000000 0.9000000 0.9000000</SPECULAR>
			<DIFFUSEMAP>../Prison/gzd_map_Prison_box01.bmp</DIFFUSEMAP>
		</MATERIAL>
		<MATERIAL name="gzd_map_Prison_floor001_mt_con">
			<DIFFUSE>0.5882353 0.5882353 0.5882353</DIFFUSE>
			<AMBIENT>0.5882353 0.5882353 0.5882353</AMBIENT>
			<SPECULAR>0.9000000 0.9000000 0.9000000</SPECULAR>
			<DIFFUSEMAP>../Prison/gzd_map_Prison_floor001.bmp</DIFFUSEMAP>
		</MATERIAL>
		<MATERIAL name="gzd_map_Prison_win002">
			<DIFFUSE>0.5882353 0.5882353 0.5882353</DIFFUSE>
			<AMBIENT>0.5882353 0.5882353 0.5882353</AMBIENT>
			<SPECULAR>0.9000000 0.9000000 0.9000000</SPECULAR>
			<DIFFUSEMAP>../Prison/gzd_map_Prison_win002.bmp</DIFFUSEMAP>
		</MATERIAL>
		<MATERIAL name="gzd_map_Prison_d-pipe003_mt_con">
			<DIFFUSE>0.5880000 0.5880000 0.5880000</DIFFUSE>
			<AMBIENT>0.5880000 0.5880000 0.5880000</AMBIENT>
			<SPECULAR>0.9000000 0.9000000 0.9000000</SPECULAR>
			<DIFFUSEMAP>gzd_map_Prison_d-pipe003.bmp</DIFFUSEMAP>
		</MATERIAL>
		<MATERIAL name="gzd_map_Prison_d-pipe001_1_mt_wat">
			<DIFFUSE>0.5880000 0.5880000 0.5880000</DIFFUSE>
			<AMBIENT>0.5880000 0.5880000 0.5880000</AMBIENT>
			<SPECULAR>0.9000000 0.9000000 0.9000000</SPECULAR>
			<DIFFUSEMAP>gzd_map_Prison_d-pipe001_1.bmp</DIFFUSEMAP>
		</MATERIAL>
		<MATERIAL name="gzd_map_Prison_d-pipe002_mt_con">
			<DIFFUSE>0.5882353 0.5882353 0.5882353</DIFFUSE>
			<AMBIENT>0.5882353 0.5882353 0.5882353</AMBIENT>
			<SPECULAR>0.9000000 0.9000000 0.9000000</SPECULAR>
			<DIFFUSEMAP>gzd_map_Prison_d-pipe002.bmp</DIFFUSEMAP>
		</MATERIAL>
		<MATERIAL name="gzd_map_Prison_tile001_mt_con">
			<DIFFUSE>0.5880000 0.5880000 0.5880000</DIFFUSE>
			<AMBIENT>0.5880000 0.5880000 0.5880000</AMBIENT>
			<SPECULAR>0.9000000 0.9000000 0.9000000</SPECULAR>
			<DIFFUSEMAP>../Prison/gzd_map_Prison_tile001.bmp</DIFFUSEMAP>
		</MATERIAL>
		<MATERIAL name="gzd_map_Prison_tile002_mt_con">
			<DIFFUSE>0.5882353 0.5882353 0.5882353</DIFFUSE>
			<AMBIENT>0.5882353 0.5882353 0.5882353</AMBIENT>
			<SPECULAR>0.9000000 0.9000000 0.9000000</SPECULAR>
			<DIFFUSEMAP>../Prison/gzd_map_Prison_tile002.bmp</DIFFUSEMAP>
		</MATERIAL>
		<MATERIAL name="gzd_map_Prison_wall002_mt_con">
			<DIFFUSE>0.5882353 0.5882353 0.5882353</DIFFUSE>
			<AMBIENT>0.5882353 0.5882353 0.5882353</AMBIENT>
			<SPECULAR>0.9000000 0.9000000 0.9000000</SPECULAR>
			<DIFFUSEMAP>../Prison/gzd_map_Prison_wall002.bmp</DIFFUSEMAP>
		</MATERIAL>
		<MATERIAL name="hide">
			<DIFFUSE>0.1176471 0.1176471 0.8627452</DIFFUSE>
			<AMBIENT>0.1176471 0.1176471 0.8627452</AMBIENT>
			<SPECULAR>0.9000000 0.9000000 0.9000000</SPECULAR>
			<DIFFUSEMAP></DIFFUSEMAP>
		</MATERIAL>
	</MATERIALLIST>
	<LIGHTLIST>
		<LIGHT name="Omni_d-pipe_a 01">
			<POSITION>2020.8203125 -6486.8515625 -293.2918701</POSITION>
			<COLOR>1.0000000 0.9137256 0.6431373</COLOR>
			<INTENSITY>0.7000000</INTENSITY>
			<ATTENUATIONSTART>228.0000000</ATTENUATIONSTART>
			<ATTENUATIONEND>574.0000000</ATTENUATIONEND>
			<CASTSHADOW/>
		</LIGHT>
		<LIGHT name="Omni_d-pipe_b 01">
			<POSITION>4184.3339844 -6486.8515625 -461.1472168</POSITION>
			<COLOR>1.0000000 1.0000000 1.0000000</COLOR>
			<INTENSITY>1.3000000</INTENSITY>
			<ATTENUATIONSTART>124.0000000</ATTENUATIONSTART>
			<ATTENUATIONEND>262.0000000</ATTENUATIONEND>
		</LIGHT>
		<LIGHT name="Omni_d-pipe_a 03">
			<POSITION>1565.4609375 -6127.9028320 -353.7953186</POSITION>
			<COLOR>1.0000000 0.9137256 0.6431373</COLOR>
			<INTENSITY>0.7000000</INTENSITY>
			<ATTENUATIONSTART>130.0000000</ATTENUATIONSTART>
			<ATTENUATIONEND>314.0000000</ATTENUATIONEND>
			<CASTSHADOW/>
		</LIGHT>
		<LIGHT name="Omni_d-pipe_b 02">
			<POSITION>-1721.8242188 -6486.8515625 -461.1472168</POSITION>
			<COLOR>1.0000000 1.0000000 1.0000000</COLOR>
			<INTENSITY>1.3000000</INTENSITY>
			<ATTENUATIONSTART>124.0000000</ATTENUATIONSTART>
			<ATTENUATIONEND>262.0000000</ATTENUATIONEND>
		</LIGHT>
		<LIGHT name="Omni_d-pipe_a 02">
			<POSITION>388.2539063 -6486.8515625 -293.2918701</POSITION>
			<COLOR>1.0000000 0.9137256 0.6431373</COLOR>
			<INTENSITY>0.7000000</INTENSITY>
			<ATTENUATIONSTART>228.0000000</ATTENUATIONSTART>
			<ATTENUATIONEND>574.0000000</ATTENUATIONEND>
			<CASTSHADOW/>
		</LIGHT>
		<LIGHT name="obj_Omni_d-pipe_a 01">
			<POSITION>2020.8203125 -6486.8515625 -298.2918701</POSITION>
			<COLOR>1.0000000 0.9137256 0.6431373</COLOR>
			<INTENSITY>0.7000000</INTENSITY>
			<ATTENUATIONSTART>228.0000000</ATTENUATIONSTART>
			<ATTENUATIONEND>574.0000000</ATTENUATIONEND>
			<CASTSHADOW/>
		</LIGHT>
		<LIGHT name="obj_Omni_d-pipe_a 02">
			<POSITION>388.2539063 -6486.8515625 -298.2918701</POSITION>
			<COLOR>1.0000000 0.9137256 0.6431373</COLOR>
			<INTENSITY>0.7000000</INTENSITY>
			<ATTENUATIONSTART>228.0000000</ATTENUATIONSTART>
			<ATTENUATIONEND>574.0000000</ATTENUATIONEND>
			<CASTSHADOW/>
		</LIGHT>
		<LIGHT name="Omni_main 01">
			<POSITION>-6515.5117188 8000.0000000 7758.2836914</POSITION>
			<COLOR>1.0000000 1.0000000 1.0000000</COLOR>
			<INTENSITY>0.2000000</INTENSITY>
			<ATTENUATIONSTART>25000.0000000</ATTENUATIONSTART>
			<ATTENUATIONEND>25000.0000000</ATTENUATIONEND>
		</LIGHT>
		<LIGHT name="Omni_main 02">
			<POSITION>9484.4882813 8000.0000000 7758.2836914</POSITION>
			<COLOR>1.0000000 1.0000000 1.0000000</COLOR>
			<INTENSITY>0.2000000</INTENSITY>
			<ATTENUATIONSTART>25000.0000000</ATTENUATIONSTART>
			<ATTENUATIONEND>25000.0000000</ATTENUATIONEND>
		</LIGHT>
		<LIGHT name="Omni_main 03">
			<POSITION>9484.4882813 -8000.0000000 7758.2836914</POSITION>
			<COLOR>1.0000000 1.0000000 1.0000000</COLOR>
			<INTENSITY>0.2000000</INTENSITY>
			<ATTENUATIONSTART>25000.0000000</ATTENUATIONSTART>
			<ATTENUATIONEND>25000.0000000</ATTENUATIONEND>
		</LIGHT>
		<LIGHT name="Omni_main 04">
			<POSITION>-6515.5117188 -8000.0000000 7758.2836914</POSITION>
			<COLOR>1.0000000 1.0000000 1.0000000</COLOR>
			<INTENSITY>0.2000000</INTENSITY>
			<ATTENUATIONSTART>25000.0000000</ATTENUATIONSTART>
			<ATTENUATIONEND>25000.0000000</ATTENUATIONEND>
		</LIGHT>
		<LIGHT name="Omni_light_way_a 13">
			<POSITION>994.4980469 -5185.9326172 106.7862549</POSITION>
			<COLOR>1.0000000 1.0000000 1.0000000</COLOR>
			<INTENSITY>0.8000000</INTENSITY>
			<ATTENUATIONSTART>255.0000000</ATTENUATIONSTART>
			<ATTENUATIONEND>568.0000000</ATTENUATIONEND>
			<CASTSHADOW/>
		</LIGHT>
		<LIGHT name="Omni_light_pri_b 01">
			<POSITION>-0.6406250 -2001.4816895 749.1007690</POSITION>
			<COLOR>1.0000000 0.9490197 0.5921569</COLOR>
			<INTENSITY>0.7000000</INTENSITY>
			<ATTENUATIONSTART>150.0000000</ATTENUATIONSTART>
			<ATTENUATIONEND>427.0000000</ATTENUATIONEND>
		</LIGHT>
		<LIGHT name="Omni_light_room 01">
			<POSITION>804.5625000 -2004.9201660 314.8948364</POSITION>
			<COLOR>0.7215686 0.7058824 1.0000000</COLOR>
			<INTENSITY>1.0000000</INTENSITY>
			<ATTENUATIONSTART>132.0000000</ATTENUATIONSTART>
			<ATTENUATIONEND>387.0000000</ATTENUATIONEND>
		</LIGHT>
		<LIGHT name="Omni_light_room 02">
			<POSITION>804.5625000 -1504.9201660 314.8948364</POSITION>
			<COLOR>0.7215686 0.7058824 1.0000000</COLOR>
			<INTENSITY>1.0000000</INTENSITY>
			<ATTENUATIONSTART>132.0000000</ATTENUATIONSTART>
			<ATTENUATIONEND>387.0000000</ATTENUATIONEND>
		</LIGHT>
		<LIGHT name="Omni_light_room 03">
			<POSITION>804.5625000 -1504.9201660 755.8283081</POSITION>
			<COLOR>0.7215686 0.7058824 1.0000000</COLOR>
			<INTENSITY>1.0000000</INTENSITY>
			<ATTENUATIONSTART>132.0000000</ATTENUATIONSTART>
			<ATTENUATIONEND>387.0000000</ATTENUATIONEND>
		</LIGHT>
		<LIGHT name="Omni_light_room 04">
			<POSITION>804.5625000 -1004.9201660 755.8283081</POSITION>
			<COLOR>0.7215686 0.7058824 1.0000000</COLOR>
			<INTENSITY>1.0000000</INTENSITY>
			<ATTENUATIONSTART>132.0000000</ATTENUATIONSTART>
			<ATTENUATIONEND>387.0000000</ATTENUATIONEND>
		</LIGHT>
		<LIGHT name="Omni_light_room 05">
			<POSITION>804.5625000 -504.9201660 314.8948364</POSITION>
			<COLOR>0.7215686 0.7058824 1.0000000</COLOR>
			<INTENSITY>1.0000000</INTENSITY>
			<ATTENUATIONSTART>132.0000000</ATTENUATIONSTART>
			<ATTENUATIONEND>387.0000000</ATTENUATIONEND>
		</LIGHT>
		<LIGHT name="Omni_light_room 06">
			<POSITION>804.5625000 -504.9201660 755.8283081</POSITION>
			<COLOR>0.7215686 0.7058824 1.0000000</COLOR>
			<INTENSITY>1.0000000</INTENSITY>
			<ATTENUATIONSTART>132.0000000</ATTENUATIONSTART>
			<ATTENUATIONEND>387.0000000</ATTENUATIONEND>
		</LIGHT>
		<LIGHT name="Omni_light_room 07">
			<POSITION>804.5625000 -4.9201555 314.8948364</POSITION>
			<COLOR>0.7215686 0.7058824 1.0000000</COLOR>
			<INTENSITY>1.0000000</INTENSITY>
			<ATTENUATIONSTART>132.0000000</ATTENUATIONSTART>
			<ATTENUATIONEND>387.0000000</ATTENUATIONEND>
		</LIGHT>
		<LIGHT name="Omni_light_room 08">
			<POSITION>804.5625000 495.0798340 755.8283081</POSITION>
			<COLOR>0.7215686 0.7058824 1.0000000</COLOR>
			<INTENSITY>1.0000000</INTENSITY>
			<ATTENUATIONSTART>132.0000000</ATTENUATIONSTART>
			<ATTENUATIONEND>387.0000000</ATTENUATIONEND>
		</LIGHT>
		<LIGHT name="Omni_light_room 09">
			<POSITION>804.5625000 995.0798340 314.8948364</POSITION>
			<COLOR>0.7215686 0.7058824 1.0000000</COLOR>
			<INTENSITY>1.0000000</INTENSITY>
			<ATTENUATIONSTART>132.0000000</ATTENUATIONSTART>
			<ATTENUATIONEND>387.0000000</ATTENUATIONEND>
		</LIGHT>
		<LIGHT name="Omni_light_room 10">
			<POSITION>804.5625000 995.0798340 755.8283081</POSITION>
			<COLOR>0.7215686 0.7058824 1.0000000</COLOR>
			<INTENSITY>1.0000000</INTENSITY>
			<ATTENUATIONSTART>132.0000000</ATTENUATIONSTART>
			<ATTENUATIONEND>387.0000000</ATTENUATIONEND>
		</LIGHT>
		<LIGHT name="Omni_light_room 11">
			<POSITION>804.5625000 1495.0798340 314.8948364</POSITION>
			<COLOR>0.7215686 0.7058824 1.0000000</COLOR>
			<INTENSITY>1.0000000</INTENSITY>
			<ATTENUATIONSTART>132.0000000</ATTENUATIONSTART>
			<ATTENUATIONEND>387.0000000</ATTENUATIONEND>
		</LIGHT>
		<LIGHT name="Omni_light_room 12">
			<POSITION>804.5625000 1995.0798340 314.8948364</POSITION>
			<COLOR>0.7215686 0.7058824 1.0000000</COLOR>
			<INTENSITY>1.0000000</INTENSITY>
			<ATTENUATIONSTART>132.0000000</ATTENUATIONSTART>
			<ATTENUATIONEND>387.0000000</ATTENUATIONEND>
		</LIGHT>
		<LIGHT name="Omni_light_room 13">
			<POSITION>804.5625000 1995.0798340 755.8283081</POSITION>
			<COLOR>0.7215686 0.7058824 1.0000000</COLOR>
			<INTENSITY>1.0000000</INTENSITY>
			<ATTENUATIONSTART>132.0000000</ATTENUATIONSTART>
			<ATTENUATIONEND>387.0000000</ATTENUATIONEND>
		</LIGHT>
		<LIGHT name="Omni_light_room 14">
			<POSITION>-804.5625000 -2004.9201660 755.8283081</POSITION>
			<COLOR>0.7215686 0.7058824 1.0000000</COLOR>
			<INTENSITY>1.0000000</INTENSITY>
			<ATTENUATIONSTART>132.0000000</ATTENUATIONSTART>
			<ATTENUATIONEND>387.0000000</ATTENUATIONEND>
		</LIGHT>
		<LIGHT name="Omni_light_room 15">
			<POSITION>-804.5625000 -504.9201660 755.8283081</POSITION>
			<COLOR>0.7215686 0.7058824 1.0000000</COLOR>
			<INTENSITY>1.0000000</INTENSITY>
			<ATTENUATIONSTART>132.0000000</ATTENUATIONSTART>
			<ATTENUATIONEND>387.0000000</ATTENUATIONEND>
		</LIGHT>
		<LIGHT name="Omni_light_room 16">
			<POSITION>-804.5625000 -1504.9201660 755.8283081</POSITION>
			<COLOR>0.7215686 0.7058824 1.0000000</COLOR>
			<INTENSITY>1.0000000</INTENSITY>
			<ATTENUATIONSTART>132.0000000</ATTENUATIONSTART>
			<ATTENUATIONEND>387.0000000</ATTENUATIONEND>
		</LIGHT>
		<LIGHT name="Omni_light_room 17">
			<POSITION>-804.5625000 1495.0798340 755.8283081</POSITION>
			<COLOR>0.7215686 0.7058824 1.0000000</COLOR>
			<INTENSITY>1.0000000</INTENSITY>
			<ATTENUATIONSTART>132.0000000</ATTENUATIONSTART>
			<ATTENUATIONEND>387.0000000</ATTENUATIONEND>
		</LIGHT>
		<LIGHT name="Omni_light_room 18">
			<POSITION>-804.5625000 -1004.9201660 755.8283081</POSITION>
			<COLOR>0.7215686 0.7058824 1.0000000</COLOR>
			<INTENSITY>1.0000000</INTENSITY>
			<ATTENUATIONSTART>132.0000000</ATTENUATIONSTART>
			<ATTENUATIONEND>387.0000000</ATTENUATIONEND>
		</LIGHT>
		<LIGHT name="Omni_light_room 19">
			<POSITION>-804.5625000 1995.0798340 755.8283081</POSITION>
			<COLOR>0.7215686 0.7058824 1.0000000</COLOR>
			<INTENSITY>1.0000000</INTENSITY>
			<ATTENUATIONSTART>132.0000000</ATTENUATIONSTART>
			<ATTENUATIONEND>387.0000000</ATTENUATIONEND>
		</LIGHT>
		<LIGHT name="Omni_light_room 20">
			<POSITION>-804.5625000 495.0798340 755.8283081</POSITION>
			<COLOR>0.7215686 0.7058824 1.0000000</COLOR>
			<INTENSITY>1.0000000</INTENSITY>
			<ATTENUATIONSTART>132.0000000</ATTENUATIONSTART>
			<ATTENUATIONEND>387.0000000</ATTENUATIONEND>
		</LIGHT>
		<LIGHT name="Omni_light_room 21">
			<POSITION>-804.5625000 -1004.9201660 314.8948364</POSITION>
			<COLOR>0.7215686 0.7058824 1.0000000</COLOR>
			<INTENSITY>1.0000000</INTENSITY>
			<ATTENUATIONSTART>132.0000000</ATTENUATIONSTART>
			<ATTENUATIONEND>387.0000000</ATTENUATIONEND>
		</LIGHT>
		<LIGHT name="Omni_light_room 22">
			<POSITION>-804.5625000 995.0798340 314.8948364</POSITION>
			<COLOR>0.7215686 0.7058824 1.0000000</COLOR>
			<INTENSITY>1.0000000</INTENSITY>
			<ATTENUATIONSTART>132.0000000</ATTENUATIONSTART>
			<ATTENUATIONEND>387.0000000</ATTENUATIONEND>
		</LIGHT>
		<LIGHT name="Omni_light_room 23">
			<POSITION>-804.5625000 -504.9201660 314.8948364</POSITION>
			<COLOR>0.7215686 0.7058824 1.0000000</COLOR>
			<INTENSITY>1.0000000</INTENSITY>
			<ATTENUATIONSTART>132.0000000</ATTENUATIONSTART>
			<ATTENUATIONEND>387.0000000</ATTENUATIONEND>
		</LIGHT>
		<LIGHT name="Omni_light_room 24">
			<POSITION>-804.5625000 -4.9201555 314.8948364</POSITION>
			<COLOR>0.7215686 0.7058824 1.0000000</COLOR>
			<INTENSITY>1.0000000</INTENSITY>
			<ATTENUATIONSTART>132.0000000</ATTENUATIONSTART>
			<ATTENUATIONEND>387.0000000</ATTENUATIONEND>
		</LIGHT>
		<LIGHT name="Omni_light_room 25">
			<POSITION>-804.5625000 1995.0798340 314.8948364</POSITION>
			<COLOR>0.7215686 0.7058824 1.0000000</COLOR>
			<INTENSITY>1.0000000</INTENSITY>
			<ATTENUATIONSTART>132.0000000</ATTENUATIONSTART>
			<ATTENUATIONEND>387.0000000</ATTENUATIONEND>
		</LIGHT>
		<LIGHT name="Omni_light_room 26">
			<POSITION>-804.5625000 495.0798340 314.8948364</POSITION>
			<COLOR>0.7215686 0.7058824 1.0000000</COLOR>
			<INTENSITY>1.0000000</INTENSITY>
			<ATTENUATIONSTART>132.0000000</ATTENUATIONSTART>
			<ATTENUATIONEND>387.0000000</ATTENUATIONEND>
		</LIGHT>
		<LIGHT name="Omni_light_pri_a 01">
			<POSITION>-0.6406250 -2513.2712402 958.2090454</POSITION>
			<COLOR>0.9254903 1.0000000 0.9098040</COLOR>
			<INTENSITY>1.4000000</INTENSITY>
			<ATTENUATIONSTART>549.0000000</ATTENUATIONSTART>
			<ATTENUATIONEND>1222.0000000</ATTENUATIONEND>
			<CASTSHADOW/>
		</LIGHT>
		<LIGHT name="Omni_light_way_a 10">
			<POSITION>-725.6054688 -4176.4921875 342.9385376</POSITION>
			<COLOR>1.0000000 1.0000000 1.0000000</COLOR>
			<INTENSITY>0.8000000</INTENSITY>
			<ATTENUATIONSTART>255.0000000</ATTENUATIONSTART>
			<ATTENUATIONEND>568.0000000</ATTENUATIONEND>
			<CASTSHADOW/>
		</LIGHT>
		<LIGHT name="Omni_light_way_a 08">
			<POSITION>-3.5000000 -3376.9599609 342.9385376</POSITION>
			<COLOR>1.0000000 1.0000000 1.0000000</COLOR>
			<INTENSITY>0.8000000</INTENSITY>
			<ATTENUATIONSTART>255.0000000</ATTENUATIONSTART>
			<ATTENUATIONEND>568.0000000</ATTENUATIONEND>
			<CASTSHADOW/>
		</LIGHT>
		<LIGHT name="Omni_light_way_a 09">
			<POSITION>577.9003906 -4176.4921875 342.9385376</POSITION>
			<COLOR>1.0000000 1.0000000 1.0000000</COLOR>
			<INTENSITY>0.8000000</INTENSITY>
			<ATTENUATIONSTART>255.0000000</ATTENUATIONSTART>
			<ATTENUATIONEND>568.0000000</ATTENUATIONEND>
			<CASTSHADOW/>
		</LIGHT>
		<LIGHT name="Omni_light_stair_a 02">
			<POSITION>816.0429688 -2471.1909180 597.5061035</POSITION>
			<COLOR>1.0000000 1.0000000 1.0000000</COLOR>
			<INTENSITY>0.6000000</INTENSITY>
			<ATTENUATIONSTART>194.0000000</ATTENUATIONSTART>
			<ATTENUATIONEND>544.0000000</ATTENUATIONEND>
			<CASTSHADOW/>
		</LIGHT>
		<LIGHT name="Omni_light_stair_a 03">
			<POSITION>816.0429688 2475.0339355 597.5061035</POSITION>
			<COLOR>1.0000000 1.0000000 1.0000000</COLOR>
			<INTENSITY>0.6000000</INTENSITY>
			<ATTENUATIONSTART>194.0000000</ATTENUATIONSTART>
			<ATTENUATIONEND>544.0000000</ATTENUATIONEND>
			<CASTSHADOW/>
		</LIGHT>
		<LIGHT name="Omni_light_stair_a 04">
			<POSITION>-824.5898438 2475.0339355 597.5061035</POSITION>
			<COLOR>1.0000000 1.0000000 1.0000000</COLOR>
			<INTENSITY>0.6000000</INTENSITY>
			<ATTENUATIONSTART>194.0000000</ATTENUATIONSTART>
			<ATTENUATIONEND>544.0000000</ATTENUATIONEND>
			<CASTSHADOW/>
		</LIGHT>
		<LIGHT name="Omni_light_stair_a 01">
			<POSITION>-824.5898438 -2471.1909180 597.5061035</POSITION>
			<COLOR>1.0000000 1.0000000 1.0000000</COLOR>
			<INTENSITY>0.6000000</INTENSITY>
			<ATTENUATIONSTART>194.0000000</ATTENUATIONSTART>
			<ATTENUATIONEND>544.0000000</ATTENUATIONEND>
			<CASTSHADOW/>
		</LIGHT>
		<LIGHT name="Omni_light_way_a 02">
			<POSITION>996.6484375 4691.2182617 342.9385376</POSITION>
			<COLOR>1.0000000 1.0000000 1.0000000</COLOR>
			<INTENSITY>0.8000000</INTENSITY>
			<ATTENUATIONSTART>255.0000000</ATTENUATIONSTART>
			<ATTENUATIONEND>568.0000000</ATTENUATIONEND>
			<CASTSHADOW/>
		</LIGHT>
		<LIGHT name="Omni_light_way_a 03">
			<POSITION>-850.1074219 4176.2548828 342.9385376</POSITION>
			<COLOR>1.0000000 1.0000000 1.0000000</COLOR>
			<INTENSITY>0.8000000</INTENSITY>
			<ATTENUATIONSTART>255.0000000</ATTENUATIONSTART>
			<ATTENUATIONEND>568.0000000</ATTENUATIONEND>
			<CASTSHADOW/>
		</LIGHT>
		<LIGHT name="Omni_light_way_a 01">
			<POSITION>1940.7226563 5210.5234375 106.4354553</POSITION>
			<COLOR>1.0000000 1.0000000 1.0000000</COLOR>
			<INTENSITY>0.8000000</INTENSITY>
			<ATTENUATIONSTART>255.0000000</ATTENUATIONSTART>
			<ATTENUATIONEND>568.0000000</ATTENUATIONEND>
			<CASTSHADOW/>
		</LIGHT>
		<LIGHT name="Omni_light_way_a 07">
			<POSITION>-3.5000000 3120.7150879 342.9385376</POSITION>
			<COLOR>1.0000000 1.0000000 1.0000000</COLOR>
			<INTENSITY>0.8000000</INTENSITY>
			<ATTENUATIONSTART>255.0000000</ATTENUATIONSTART>
			<ATTENUATIONEND>568.0000000</ATTENUATIONEND>
			<CASTSHADOW/>
		</LIGHT>
		<LIGHT name="Omni_light_way_a 06">
			<POSITION>-901.2636719 3120.7150879 342.9385376</POSITION>
			<COLOR>1.0000000 1.0000000 1.0000000</COLOR>
			<INTENSITY>0.8000000</INTENSITY>
			<ATTENUATIONSTART>255.0000000</ATTENUATIONSTART>
			<ATTENUATIONEND>568.0000000</ATTENUATIONEND>
			<CASTSHADOW/>
		</LIGHT>
		<LIGHT name="Omni_light_shower_b 02">
			<POSITION>2993.4562988 2929.4553223 140.2230225</POSITION>
			<COLOR>0.8941177 0.9882354 1.0000000</COLOR>
			<INTENSITY>1.1000000</INTENSITY>
			<ATTENUATIONSTART>336.0000000</ATTENUATIONSTART>
			<ATTENUATIONEND>729.0000000</ATTENUATIONEND>
			<CASTSHADOW/>
		</LIGHT>
		<LIGHT name="Omni_light_shower_e 03">
			<POSITION>3394.6906738 4089.2368164 265.1214600</POSITION>
			<COLOR>1.0000000 0.9843138 0.7882354</COLOR>
			<INTENSITY>0.7000000</INTENSITY>
			<ATTENUATIONSTART>138.0000000</ATTENUATIONSTART>
			<ATTENUATIONEND>308.0000000</ATTENUATIONEND>
		</LIGHT>
		<LIGHT name="Omni_light_shower_e 02">
			<POSITION>3394.6906738 4672.5053711 237.6761475</POSITION>
			<COLOR>1.0000000 0.9843138 0.7882354</COLOR>
			<INTENSITY>0.7000000</INTENSITY>
			<ATTENUATIONSTART>138.0000000</ATTENUATIONSTART>
			<ATTENUATIONEND>308.0000000</ATTENUATIONEND>
		</LIGHT>
		<LIGHT name="Omni_light_shower_e 01">
			<POSITION>2593.8488770 4672.5053711 275.3723145</POSITION>
			<COLOR>1.0000000 0.9843138 0.7882354</COLOR>
			<INTENSITY>0.7000000</INTENSITY>
			<ATTENUATIONSTART>138.0000000</ATTENUATIONSTART>
			<ATTENUATIONEND>308.0000000</ATTENUATIONEND>
		</LIGHT>
		<LIGHT name="Omni_light_shower_e 04">
			<POSITION>2593.8488770 3496.8889160 255.2396240</POSITION>
			<COLOR>1.0000000 0.9843138 0.7882354</COLOR>
			<INTENSITY>0.7000000</INTENSITY>
			<ATTENUATIONSTART>138.0000000</ATTENUATIONSTART>
			<ATTENUATIONEND>308.0000000</ATTENUATIONEND>
		</LIGHT>
		<LIGHT name="Omni_light_shower_d 01">
			<POSITION>2993.4562988 4089.4370117 319.3867188</POSITION>
			<COLOR>0.8666667 0.9215687 1.0000000</COLOR>
			<INTENSITY>1.3000000</INTENSITY>
			<ATTENUATIONSTART>190.0000000</ATTENUATIONSTART>
			<ATTENUATIONEND>450.0000000</ATTENUATIONEND>
		</LIGHT>
		<LIGHT name="Omni_d-pipe_b 01">
			<POSITION>1566.1582031 -6127.8681641 -353.7953186</POSITION>
			<COLOR>1.0000000 0.9137256 0.6431373</COLOR>
			<INTENSITY>0.7000000</INTENSITY>
			<ATTENUATIONSTART>201.0000000</ATTENUATIONSTART>
			<ATTENUATIONEND>375.0000000</ATTENUATIONEND>
			<CASTSHADOW/>
		</LIGHT>
		<LIGHT name="Omni_light_shower_d 02">
			<POSITION>2993.4562988 4087.3432617 -55.4426117</POSITION>
			<COLOR>0.5647059 0.7372549 1.0000000</COLOR>
			<INTENSITY>1.3000000</INTENSITY>
			<ATTENUATIONSTART>232.0000000</ATTENUATIONSTART>
			<ATTENUATIONEND>798.0000000</ATTENUATIONEND>
		</LIGHT>
		<LIGHT name="Omni_light_shower_b 05">
			<POSITION>2993.4562988 5250.9887695 140.2230225</POSITION>
			<COLOR>0.8941177 0.9882354 1.0000000</COLOR>
			<INTENSITY>1.1000000</INTENSITY>
			<ATTENUATIONSTART>336.0000000</ATTENUATIONSTART>
			<ATTENUATIONEND>729.0000000</ATTENUATIONEND>
			<CASTSHADOW/>
		</LIGHT>
		<LIGHT name="Omni_light_way_a 14">
			<POSITION>1781.5312500 -5185.9326172 106.7862549</POSITION>
			<COLOR>1.0000000 1.0000000 1.0000000</COLOR>
			<INTENSITY>0.8000000</INTENSITY>
			<ATTENUATIONSTART>255.0000000</ATTENUATIONSTART>
			<ATTENUATIONEND>568.0000000</ATTENUATIONEND>
			<CASTSHADOW/>
		</LIGHT>
		<LIGHT name="Omni_light_pri_a 02">
			<POSITION>-0.6406250 -1513.2712402 958.2090454</POSITION>
			<COLOR>0.9254903 1.0000000 0.9098040</COLOR>
			<INTENSITY>1.4000000</INTENSITY>
			<ATTENUATIONSTART>549.0000000</ATTENUATIONSTART>
			<ATTENUATIONEND>1222.0000000</ATTENUATIONEND>
			<CASTSHADOW/>
		</LIGHT>
		<LIGHT name="Omni_light_pri_a 03">
			<POSITION>-0.6406250 -513.2712402 958.2090454</POSITION>
			<COLOR>0.9254903 1.0000000 0.9098040</COLOR>
			<INTENSITY>1.4000000</INTENSITY>
			<ATTENUATIONSTART>549.0000000</ATTENUATIONSTART>
			<ATTENUATIONEND>1222.0000000</ATTENUATIONEND>
			<CASTSHADOW/>
		</LIGHT>
		<LIGHT name="Omni_light_pri_a 04">
			<POSITION>-0.6406250 486.7287598 958.2090454</POSITION>
			<COLOR>0.9254903 1.0000000 0.9098040</COLOR>
			<INTENSITY>1.4000000</INTENSITY>
			<ATTENUATIONSTART>549.0000000</ATTENUATIONSTART>
			<ATTENUATIONEND>1222.0000000</ATTENUATIONEND>
			<CASTSHADOW/>
		</LIGHT>
		<LIGHT name="Omni_light_pri_a 05">
			<POSITION>-0.6406250 1486.7287598 958.2090454</POSITION>
			<COLOR>0.9254903 1.0000000 0.9098040</COLOR>
			<INTENSITY>1.4000000</INTENSITY>
			<ATTENUATIONSTART>549.0000000</ATTENUATIONSTART>
			<ATTENUATIONEND>1222.0000000</ATTENUATIONEND>
			<CASTSHADOW/>
		</LIGHT>
		<LIGHT name="Omni_light_pri_a 06">
			<POSITION>-0.6406250 2486.7287598 958.2090454</POSITION>
			<COLOR>0.9254903 1.0000000 0.9098040</COLOR>
			<INTENSITY>1.4000000</INTENSITY>
			<ATTENUATIONSTART>549.0000000</ATTENUATIONSTART>
			<ATTENUATIONEND>1222.0000000</ATTENUATIONEND>
			<CASTSHADOW/>
		</LIGHT>
		<LIGHT name="Omni_light_pri_b 02">
			<POSITION>-0.6406250 -1001.4816895 749.1007690</POSITION>
			<COLOR>1.0000000 0.9490197 0.5921569</COLOR>
			<INTENSITY>0.7000000</INTENSITY>
			<ATTENUATIONSTART>150.0000000</ATTENUATIONSTART>
			<ATTENUATIONEND>427.0000000</ATTENUATIONEND>
		</LIGHT>
		<LIGHT name="Omni_light_pri_b 03">
			<POSITION>-0.6406250 -1.4816788 749.1007690</POSITION>
			<COLOR>1.0000000 0.9490197 0.5921569</COLOR>
			<INTENSITY>0.7000000</INTENSITY>
			<ATTENUATIONSTART>150.0000000</ATTENUATIONSTART>
			<ATTENUATIONEND>427.0000000</ATTENUATIONEND>
		</LIGHT>
		<LIGHT name="Omni_light_pri_b 04">
			<POSITION>-0.6406250 998.5183105 749.1007690</POSITION>
			<COLOR>1.0000000 0.9490197 0.5921569</COLOR>
			<INTENSITY>0.7000000</INTENSITY>
			<ATTENUATIONSTART>150.0000000</ATTENUATIONSTART>
			<ATTENUATIONEND>427.0000000</ATTENUATIONEND>
		</LIGHT>
		<LIGHT name="Omni_light_pri_b 05">
			<POSITION>-0.6406250 1998.5183105 749.1007690</POSITION>
			<COLOR>1.0000000 0.9490197 0.5921569</COLOR>
			<INTENSITY>0.7000000</INTENSITY>
			<ATTENUATIONSTART>150.0000000</ATTENUATIONSTART>
			<ATTENUATIONEND>427.0000000</ATTENUATIONEND>
		</LIGHT>
		<LIGHT name="Omni_light_shower_f 01">
			<POSITION>2593.8488770 4672.5053711 -62.8782806</POSITION>
			<COLOR>1.0000000 0.9803922 0.7647060</COLOR>
			<INTENSITY>0.9000000</INTENSITY>
			<ATTENUATIONSTART>230.0000000</ATTENUATIONSTART>
			<ATTENUATIONEND>593.0000000</ATTENUATIONEND>
		</LIGHT>
		<LIGHT name="Omni_light_shower_f 02">
			<POSITION>3394.6906738 4672.5053711 -62.8782806</POSITION>
			<COLOR>1.0000000 0.9803922 0.7647060</COLOR>
			<INTENSITY>0.9000000</INTENSITY>
			<ATTENUATIONSTART>230.0000000</ATTENUATIONSTART>
			<ATTENUATIONEND>593.0000000</ATTENUATIONEND>
		</LIGHT>
		<LIGHT name="Omni_light_shower_f 03">
			<POSITION>3394.6906738 4089.2368164 -62.8782806</POSITION>
			<COLOR>1.0000000 0.9803922 0.7647060</COLOR>
			<INTENSITY>0.9000000</INTENSITY>
			<ATTENUATIONSTART>230.0000000</ATTENUATIONSTART>
			<ATTENUATIONEND>593.0000000</ATTENUATIONEND>
		</LIGHT>
		<LIGHT name="Omni_light_shower_f 04">
			<POSITION>2593.8488770 3496.8889160 -62.8782806</POSITION>
			<COLOR>1.0000000 0.9803922 0.7647060</COLOR>
			<INTENSITY>0.9000000</INTENSITY>
			<ATTENUATIONSTART>230.0000000</ATTENUATIONSTART>
			<ATTENUATIONEND>593.0000000</ATTENUATIONEND>
		</LIGHT>
		<LIGHT name="obj_Omni_light_shower_c 01">
			<POSITION>2993.4562988 2807.5209961 147.5867157</POSITION>
			<COLOR>0.8941177 0.9882354 1.0000000</COLOR>
			<INTENSITY>1.0000000</INTENSITY>
			<ATTENUATIONSTART>134.0000000</ATTENUATIONSTART>
			<ATTENUATIONEND>671.0000000</ATTENUATIONEND>
			<CASTSHADOW/>
		</LIGHT>
		<LIGHT name="obj_Omni_light_shower_d 01">
			<POSITION>2993.4562988 4087.3432617 173.6821747</POSITION>
			<COLOR>0.8666667 0.9215687 1.0000000</COLOR>
			<INTENSITY>1.0000000</INTENSITY>
			<ATTENUATIONSTART>232.0000000</ATTENUATIONSTART>
			<ATTENUATIONEND>434.0000000</ATTENUATIONEND>
			<CASTSHADOW/>
		</LIGHT>
		<LIGHT name="obj_Omni_light_shower_c 02">
			<POSITION>2993.4562988 5367.1655273 147.5867157</POSITION>
			<COLOR>0.8941177 0.9882354 1.0000000</COLOR>
			<INTENSITY>1.0000000</INTENSITY>
			<ATTENUATIONSTART>134.0000000</ATTENUATIONSTART>
			<ATTENUATIONEND>671.0000000</ATTENUATIONEND>
			<CASTSHADOW/>
		</LIGHT>
		<LIGHT name="obj_Omni_light_shower_f 01">
			<POSITION>2593.8488770 4672.5053711 172.9582825</POSITION>
			<COLOR>1.0000000 0.9803922 0.7647060</COLOR>
			<INTENSITY>0.8000000</INTENSITY>
			<ATTENUATIONSTART>138.0000000</ATTENUATIONSTART>
			<ATTENUATIONEND>434.0000000</ATTENUATIONEND>
			<CASTSHADOW/>
		</LIGHT>
		<LIGHT name="obj_Omni_light_shower_f 02">
			<POSITION>3394.6906738 4672.5053711 172.9582825</POSITION>
			<COLOR>1.0000000 0.9803922 0.7647060</COLOR>
			<INTENSITY>0.8000000</INTENSITY>
			<ATTENUATIONSTART>138.0000000</ATTENUATIONSTART>
			<ATTENUATIONEND>434.0000000</ATTENUATIONEND>
			<CASTSHADOW/>
		</LIGHT>
		<LIGHT name="obj_Omni_light_shower_f 03">
			<POSITION>3394.6906738 4089.2368164 172.9582825</POSITION>
			<COLOR>1.0000000 0.9803922 0.7647060</COLOR>
			<INTENSITY>0.8000000</INTENSITY>
			<ATTENUATIONSTART>138.0000000</ATTENUATIONSTART>
			<ATTENUATIONEND>434.0000000</ATTENUATIONEND>
			<CASTSHADOW/>
		</LIGHT>
		<LIGHT name="obj_Omni_light_shower_f 04">
			<POSITION>2593.8488770 3496.8889160 172.9582825</POSITION>
			<COLOR>1.0000000 0.9803922 0.7647060</COLOR>
			<INTENSITY>0.8000000</INTENSITY>
			<ATTENUATIONSTART>138.0000000</ATTENUATIONSTART>
			<ATTENUATIONEND>434.0000000</ATTENUATIONEND>
			<CASTSHADOW/>
		</LIGHT>
		<LIGHT name="obj_Omni_light_way_a 01">
			<POSITION>1940.7226563 5210.5234375 101.4354553</POSITION>
			<COLOR>1.0000000 1.0000000 1.0000000</COLOR>
			<INTENSITY>1.0000000</INTENSITY>
			<ATTENUATIONSTART>200.0000000</ATTENUATIONSTART>
			<ATTENUATIONEND>800.0000000</ATTENUATIONEND>
			<CASTSHADOW/>
		</LIGHT>
		<LIGHT name="obj_Omni_light_way_a 02">
			<POSITION>996.6484375 4691.2182617 337.9385376</POSITION>
			<COLOR>1.0000000 1.0000000 1.0000000</COLOR>
			<INTENSITY>1.0000000</INTENSITY>
			<ATTENUATIONSTART>200.0000000</ATTENUATIONSTART>
			<ATTENUATIONEND>800.0000000</ATTENUATIONEND>
			<CASTSHADOW/>
		</LIGHT>
		<LIGHT name="obj_Omni_light_way_a 03">
			<POSITION>-850.1074219 4176.2548828 337.9385376</POSITION>
			<COLOR>1.0000000 1.0000000 1.0000000</COLOR>
			<INTENSITY>1.0000000</INTENSITY>
			<ATTENUATIONSTART>200.0000000</ATTENUATIONSTART>
			<ATTENUATIONEND>800.0000000</ATTENUATIONEND>
			<CASTSHADOW/>
		</LIGHT>
		<LIGHT name="obj_Omni_light_way_a 06">
			<POSITION>-901.2636719 3120.7150879 337.9385376</POSITION>
			<COLOR>1.0000000 1.0000000 1.0000000</COLOR>
			<INTENSITY>1.0000000</INTENSITY>
			<ATTENUATIONSTART>200.0000000</ATTENUATIONSTART>
			<ATTENUATIONEND>800.0000000</ATTENUATIONEND>
			<CASTSHADOW/>
		</LIGHT>
		<LIGHT name="obj_Omni_light_way_a 07">
			<POSITION>-3.5000000 3120.7150879 337.9385376</POSITION>
			<COLOR>1.0000000 1.0000000 1.0000000</COLOR>
			<INTENSITY>1.0000000</INTENSITY>
			<ATTENUATIONSTART>200.0000000</ATTENUATIONSTART>
			<ATTENUATIONEND>800.0000000</ATTENUATIONEND>
			<CASTSHADOW/>
		</LIGHT>
		<LIGHT name="obj_Omni_light_way_a 08">
			<POSITION>-3.5000000 -3376.9599609 337.9385376</POSITION>
			<COLOR>1.0000000 1.0000000 1.0000000</COLOR>
			<INTENSITY>1.0000000</INTENSITY>
			<ATTENUATIONSTART>200.0000000</ATTENUATIONSTART>
			<ATTENUATIONEND>800.0000000</ATTENUATIONEND>
			<CASTSHADOW/>
		</LIGHT>
		<LIGHT name="obj_Omni_light_way_a 09">
			<POSITION>577.9003906 -4176.4921875 337.9385376</POSITION>
			<COLOR>1.0000000 1.0000000 1.0000000</COLOR>
			<INTENSITY>1.0000000</INTENSITY>
			<ATTENUATIONSTART>200.0000000</ATTENUATIONSTART>
			<ATTENUATIONEND>800.0000000</ATTENUATIONEND>
			<CASTSHADOW/>
		</LIGHT>
		<LIGHT name="obj_Omni_light_way_a 10">
			<POSITION>-725.6054688 -4176.4921875 337.9385376</POSITION>
			<COLOR>1.0000000 1.0000000 1.0000000</COLOR>
			<INTENSITY>1.0000000</INTENSITY>
			<ATTENUATIONSTART>200.0000000</ATTENUATIONSTART>
			<ATTENUATIONEND>800.0000000</ATTENUATIONEND>
			<CASTSHADOW/>
		</LIGHT>
		<LIGHT name="obj_Omni_light_way_a 13">
			<POSITION>994.4980469 -5185.9326172 101.7862549</POSITION>
			<COLOR>1.0000000 1.0000000 1.0000000</COLOR>
			<INTENSITY>1.0000000</INTENSITY>
			<ATTENUATIONSTART>200.0000000</ATTENUATIONSTART>
			<ATTENUATIONEND>800.0000000</ATTENUATIONEND>
			<CASTSHADOW/>
		</LIGHT>
		<LIGHT name="obj_Omni_light_way_a 14">
			<POSITION>1781.5312500 -5185.9326172 101.7862549</POSITION>
			<COLOR>1.0000000 1.0000000 1.0000000</COLOR>
			<INTENSITY>1.0000000</INTENSITY>
			<ATTENUATIONSTART>200.0000000</ATTENUATIONSTART>
			<ATTENUATIONEND>800.0000000</ATTENUATIONEND>
			<CASTSHADOW/>
		</LIGHT>
		<LIGHT name="obj_Omni_light_pri_a 02">
			<POSITION>-0.6406250 -1513.2712402 736.4517822</POSITION>
			<COLOR>1.0000000 1.0000000 0.7960785</COLOR>
			<INTENSITY>1.2000000</INTENSITY>
			<ATTENUATIONSTART>523.0000000</ATTENUATIONSTART>
			<ATTENUATIONEND>1209.0000000</ATTENUATIONEND>
			<CASTSHADOW/>
		</LIGHT>
		<LIGHT name="obj_Omni_light_pri_a 03">
			<POSITION>-0.6406250 -513.2712402 736.4517822</POSITION>
			<COLOR>1.0000000 1.0000000 0.7960785</COLOR>
			<INTENSITY>1.2000000</INTENSITY>
			<ATTENUATIONSTART>523.0000000</ATTENUATIONSTART>
			<ATTENUATIONEND>1209.0000000</ATTENUATIONEND>
			<CASTSHADOW/>
		</LIGHT>
		<LIGHT name="obj_Omni_light_pri_a 04">
			<POSITION>-0.6406250 486.7287598 736.4517822</POSITION>
			<COLOR>1.0000000 1.0000000 0.7960785</COLOR>
			<INTENSITY>1.2000000</INTENSITY>
			<ATTENUATIONSTART>523.0000000</ATTENUATIONSTART>
			<ATTENUATIONEND>1209.0000000</ATTENUATIONEND>
			<CASTSHADOW/>
		</LIGHT>
		<LIGHT name="obj_Omni_light_pri_a 05">
			<POSITION>-0.6406250 1486.7287598 736.4517822</POSITION>
			<COLOR>1.0000000 1.0000000 0.7960785</COLOR>
			<INTENSITY>1.2000000</INTENSITY>
			<ATTENUATIONSTART>523.0000000</ATTENUATIONSTART>
			<ATTENUATIONEND>1209.0000000</ATTENUATIONEND>
			<CASTSHADOW/>
		</LIGHT>
		<LIGHT name="obj_Omni_light_pri_a 06">
			<POSITION>-0.6406250 2486.7287598 736.4517822</POSITION>
			<COLOR>1.0000000 1.0000000 0.7960785</COLOR>
			<INTENSITY>1.2000000</INTENSITY>
			<ATTENUATIONSTART>523.0000000</ATTENUATIONSTART>
			<ATTENUATIONEND>1209.0000000</ATTENUATIONEND>
			<CASTSHADOW/>
		</LIGHT>
		<LIGHT name="obj_Omni_light_pri_a 01">
			<POSITION>-0.6406250 -2513.2712402 736.4517822</POSITION>
			<COLOR>1.0000000 1.0000000 0.7960785</COLOR>
			<INTENSITY>1.2000000</INTENSITY>
			<ATTENUATIONSTART>523.0000000</ATTENUATIONSTART>
			<ATTENUATIONEND>1209.0000000</ATTENUATIONEND>
			<CASTSHADOW/>
		</LIGHT>
		<LIGHT name="obj_Omni_light_room 01">
			<POSITION>804.5625000 -2004.9201660 309.8948364</POSITION>
			<COLOR>0.7058824 0.7058824 1.0000000</COLOR>
			<INTENSITY>1.0000000</INTENSITY>
			<ATTENUATIONSTART>186.0000000</ATTENUATIONSTART>
			<ATTENUATIONEND>397.0000000</ATTENUATIONEND>
		</LIGHT>
		<LIGHT name="obj_Omni_light_room 02">
			<POSITION>804.5625000 -1504.9201660 309.8948364</POSITION>
			<COLOR>0.7058824 0.7058824 1.0000000</COLOR>
			<INTENSITY>1.0000000</INTENSITY>
			<ATTENUATIONSTART>186.0000000</ATTENUATIONSTART>
			<ATTENUATIONEND>397.0000000</ATTENUATIONEND>
		</LIGHT>
		<LIGHT name="obj_Omni_light_room 03">
			<POSITION>804.5625000 -1504.9201660 750.8283081</POSITION>
			<COLOR>0.7058824 0.7058824 1.0000000</COLOR>
			<INTENSITY>1.0000000</INTENSITY>
			<ATTENUATIONSTART>186.0000000</ATTENUATIONSTART>
			<ATTENUATIONEND>397.0000000</ATTENUATIONEND>
		</LIGHT>
		<LIGHT name="obj_Omni_light_room 04">
			<POSITION>804.5625000 -1004.9201660 750.8283081</POSITION>
			<COLOR>0.7058824 0.7058824 1.0000000</COLOR>
			<INTENSITY>1.0000000</INTENSITY>
			<ATTENUATIONSTART>186.0000000</ATTENUATIONSTART>
			<ATTENUATIONEND>397.0000000</ATTENUATIONEND>
		</LIGHT>
		<LIGHT name="obj_Omni_light_room 05">
			<POSITION>804.5625000 -504.9201660 309.8948364</POSITION>
			<COLOR>0.7058824 0.7058824 1.0000000</COLOR>
			<INTENSITY>1.0000000</INTENSITY>
			<ATTENUATIONSTART>186.0000000</ATTENUATIONSTART>
			<ATTENUATIONEND>397.0000000</ATTENUATIONEND>
		</LIGHT>
		<LIGHT name="obj_Omni_light_room 06">
			<POSITION>804.5625000 -504.9201660 750.8283081</POSITION>
			<COLOR>0.7058824 0.7058824 1.0000000</COLOR>
			<INTENSITY>1.0000000</INTENSITY>
			<ATTENUATIONSTART>186.0000000</ATTENUATIONSTART>
			<ATTENUATIONEND>397.0000000</ATTENUATIONEND>
		</LIGHT>
		<LIGHT name="obj_Omni_light_room 07">
			<POSITION>804.5625000 -4.9201555 309.8948364</POSITION>
			<COLOR>0.7058824 0.7058824 1.0000000</COLOR>
			<INTENSITY>1.0000000</INTENSITY>
			<ATTENUATIONSTART>186.0000000</ATTENUATIONSTART>
			<ATTENUATIONEND>397.0000000</ATTENUATIONEND>
		</LIGHT>
		<LIGHT name="obj_Omni_light_room 08">
			<POSITION>804.5625000 495.0798340 750.8283081</POSITION>
			<COLOR>0.7058824 0.7058824 1.0000000</COLOR>
			<INTENSITY>1.0000000</INTENSITY>
			<ATTENUATIONSTART>186.0000000</ATTENUATIONSTART>
			<ATTENUATIONEND>397.0000000</ATTENUATIONEND>
		</LIGHT>
		<LIGHT name="obj_Omni_light_room 09">
			<POSITION>804.5625000 995.0798340 309.8948364</POSITION>
			<COLOR>0.7058824 0.7058824 1.0000000</COLOR>
			<INTENSITY>1.0000000</INTENSITY>
			<ATTENUATIONSTART>186.0000000</ATTENUATIONSTART>
			<ATTENUATIONEND>397.0000000</ATTENUATIONEND>
		</LIGHT>
		<LIGHT name="obj_Omni_light_room 10">
			<POSITION>804.5625000 995.0798340 750.8283081</POSITION>
			<COLOR>0.7058824 0.7058824 1.0000000</COLOR>
			<INTENSITY>1.0000000</INTENSITY>
			<ATTENUATIONSTART>186.0000000</ATTENUATIONSTART>
			<ATTENUATIONEND>397.0000000</ATTENUATIONEND>
		</LIGHT>
		<LIGHT name="obj_Omni_light_room 11">
			<POSITION>804.5625000 1495.0798340 309.8948364</POSITION>
			<COLOR>0.7058824 0.7058824 1.0000000</COLOR>
			<INTENSITY>1.0000000</INTENSITY>
			<ATTENUATIONSTART>186.0000000</ATTENUATIONSTART>
			<ATTENUATIONEND>397.0000000</ATTENUATIONEND>
		</LIGHT>
		<LIGHT name="obj_Omni_light_room 12">
			<POSITION>804.5625000 1995.0798340 309.8948364</POSITION>
			<COLOR>0.7058824 0.7058824 1.0000000</COLOR>
			<INTENSITY>1.0000000</INTENSITY>
			<ATTENUATIONSTART>186.0000000</ATTENUATIONSTART>
			<ATTENUATIONEND>397.0000000</ATTENUATIONEND>
		</LIGHT>
		<LIGHT name="obj_Omni_light_room 13">
			<POSITION>804.5625000 1995.0798340 750.8283081</POSITION>
			<COLOR>0.7058824 0.7058824 1.0000000</COLOR>
			<INTENSITY>1.0000000</INTENSITY>
			<ATTENUATIONSTART>186.0000000</ATTENUATIONSTART>
			<ATTENUATIONEND>397.0000000</ATTENUATIONEND>
		</LIGHT>
		<LIGHT name="obj_Omni_light_room 14">
			<POSITION>-804.5625000 -2004.9201660 750.8283081</POSITION>
			<COLOR>0.7058824 0.7058824 1.0000000</COLOR>
			<INTENSITY>1.0000000</INTENSITY>
			<ATTENUATIONSTART>186.0000000</ATTENUATIONSTART>
			<ATTENUATIONEND>397.0000000</ATTENUATIONEND>
		</LIGHT>
		<LIGHT name="obj_Omni_light_room 15">
			<POSITION>-804.5625000 -504.9201660 750.8283081</POSITION>
			<COLOR>0.7058824 0.7058824 1.0000000</COLOR>
			<INTENSITY>1.0000000</INTENSITY>
			<ATTENUATIONSTART>186.0000000</ATTENUATIONSTART>
			<ATTENUATIONEND>397.0000000</ATTENUATIONEND>
		</LIGHT>
		<LIGHT name="obj_Omni_light_room 16">
			<POSITION>-804.5625000 -1504.9201660 750.8283081</POSITION>
			<COLOR>0.7058824 0.7058824 1.0000000</COLOR>
			<INTENSITY>1.0000000</INTENSITY>
			<ATTENUATIONSTART>186.0000000</ATTENUATIONSTART>
			<ATTENUATIONEND>397.0000000</ATTENUATIONEND>
		</LIGHT>
		<LIGHT name="obj_Omni_light_room 17">
			<POSITION>-804.5625000 1495.0798340 750.8283081</POSITION>
			<COLOR>0.7058824 0.7058824 1.0000000</COLOR>
			<INTENSITY>1.0000000</INTENSITY>
			<ATTENUATIONSTART>186.0000000</ATTENUATIONSTART>
			<ATTENUATIONEND>397.0000000</ATTENUATIONEND>
		</LIGHT>
		<LIGHT name="obj_Omni_light_room 18">
			<POSITION>-804.5625000 -1004.9201660 750.8283081</POSITION>
			<COLOR>0.7058824 0.7058824 1.0000000</COLOR>
			<INTENSITY>1.0000000</INTENSITY>
			<ATTENUATIONSTART>186.0000000</ATTENUATIONSTART>
			<ATTENUATIONEND>397.0000000</ATTENUATIONEND>
		</LIGHT>
		<LIGHT name="obj_Omni_light_room 19">
			<POSITION>-804.5625000 1995.0798340 750.8283081</POSITION>
			<COLOR>0.7058824 0.7058824 1.0000000</COLOR>
			<INTENSITY>1.0000000</INTENSITY>
			<ATTENUATIONSTART>186.0000000</ATTENUATIONSTART>
			<ATTENUATIONEND>397.0000000</ATTENUATIONEND>
		</LIGHT>
		<LIGHT name="obj_Omni_light_room 20">
			<POSITION>-804.5625000 495.0798340 750.8283081</POSITION>
			<COLOR>0.7058824 0.7058824 1.0000000</COLOR>
			<INTENSITY>1.0000000</INTENSITY>
			<ATTENUATIONSTART>186.0000000</ATTENUATIONSTART>
			<ATTENUATIONEND>397.0000000</ATTENUATIONEND>
		</LIGHT>
		<LIGHT name="obj_Omni_light_room 21">
			<POSITION>-804.5625000 -1004.9201660 309.8948364</POSITION>
			<COLOR>0.7058824 0.7058824 1.0000000</COLOR>
			<INTENSITY>1.0000000</INTENSITY>
			<ATTENUATIONSTART>186.0000000</ATTENUATIONSTART>
			<ATTENUATIONEND>397.0000000</ATTENUATIONEND>
		</LIGHT>
		<LIGHT name="obj_Omni_light_room 22">
			<POSITION>-804.5625000 995.0798340 309.8948364</POSITION>
			<COLOR>0.7058824 0.7058824 1.0000000</COLOR>
			<INTENSITY>1.0000000</INTENSITY>
			<ATTENUATIONSTART>186.0000000</ATTENUATIONSTART>
			<ATTENUATIONEND>397.0000000</ATTENUATIONEND>
		</LIGHT>
		<LIGHT name="obj_Omni_light_room 23">
			<POSITION>-804.5625000 -504.9201660 309.8948364</POSITION>
			<COLOR>0.7058824 0.7058824 1.0000000</COLOR>
			<INTENSITY>1.0000000</INTENSITY>
			<ATTENUATIONSTART>186.0000000</ATTENUATIONSTART>
			<ATTENUATIONEND>397.0000000</ATTENUATIONEND>
		</LIGHT>
		<LIGHT name="obj_Omni_light_room 24">
			<POSITION>-804.5625000 -4.9201555 309.8948364</POSITION>
			<COLOR>0.7058824 0.7058824 1.0000000</COLOR>
			<INTENSITY>1.0000000</INTENSITY>
			<ATTENUATIONSTART>186.0000000</ATTENUATIONSTART>
			<ATTENUATIONEND>397.0000000</ATTENUATIONEND>
		</LIGHT>
		<LIGHT name="obj_Omni_light_room 25">
			<POSITION>-804.5625000 1995.0798340 309.8948364</POSITION>
			<COLOR>0.7058824 0.7058824 1.0000000</COLOR>
			<INTENSITY>1.0000000</INTENSITY>
			<ATTENUATIONSTART>186.0000000</ATTENUATIONSTART>
			<ATTENUATIONEND>397.0000000</ATTENUATIONEND>
		</LIGHT>
		<LIGHT name="obj_Omni_light_room 26">
			<POSITION>-804.5625000 495.0798340 309.8948364</POSITION>
			<COLOR>0.7058824 0.7058824 1.0000000</COLOR>
			<INTENSITY>1.0000000</INTENSITY>
			<ATTENUATIONSTART>186.0000000</ATTENUATIONSTART>
			<ATTENUATIONEND>397.0000000</ATTENUATIONEND>
		</LIGHT>
		<LIGHT name="obj_Omni_light_stair_a 01">
			<POSITION>-824.5898438 -2471.1909180 743.8781128</POSITION>
			<COLOR>1.0000000 1.0000000 1.0000000</COLOR>
			<INTENSITY>0.8000000</INTENSITY>
			<ATTENUATIONSTART>194.0000000</ATTENUATIONSTART>
			<ATTENUATIONEND>584.0000000</ATTENUATIONEND>
			<CASTSHADOW/>
		</LIGHT>
		<LIGHT name="obj_Omni_light_stair_a 02">
			<POSITION>816.0429688 -2471.1909180 743.8781128</POSITION>
			<COLOR>1.0000000 1.0000000 1.0000000</COLOR>
			<INTENSITY>0.8000000</INTENSITY>
			<ATTENUATIONSTART>194.0000000</ATTENUATIONSTART>
			<ATTENUATIONEND>584.0000000</ATTENUATIONEND>
			<CASTSHADOW/>
		</LIGHT>
		<LIGHT name="obj_Omni_light_stair_a 03">
			<POSITION>816.0429688 2475.0339355 743.8781128</POSITION>
			<COLOR>1.0000000 1.0000000 1.0000000</COLOR>
			<INTENSITY>0.8000000</INTENSITY>
			<ATTENUATIONSTART>194.0000000</ATTENUATIONSTART>
			<ATTENUATIONEND>584.0000000</ATTENUATIONEND>
			<CASTSHADOW/>
		</LIGHT>
		<LIGHT name="obj_Omni_light_stair_a 04">
			<POSITION>-824.5898438 2475.0339355 743.8781128</POSITION>
			<COLOR>1.0000000 1.0000000 1.0000000</COLOR>
			<INTENSITY>0.8000000</INTENSITY>
			<ATTENUATIONSTART>194.0000000</ATTENUATIONSTART>
			<ATTENUATIONEND>584.0000000</ATTENUATIONEND>
			<CASTSHADOW/>
		</LIGHT>
		<LIGHT name="Omni_light_pri_b 11">
			<POSITION>-0.6406250 -1001.4816895 238.8572693</POSITION>
			<COLOR>1.0000000 0.9725491 0.8666667</COLOR>
			<INTENSITY>0.6000000</INTENSITY>
			<ATTENUATIONSTART>245.0000000</ATTENUATIONSTART>
			<ATTENUATIONEND>445.0000000</ATTENUATIONEND>
		</LIGHT>
		<LIGHT name="Omni_light_pri_b 12">
			<POSITION>-0.6406250 -1.4816566 238.8573303</POSITION>
			<COLOR>1.0000000 0.9725491 0.8666667</COLOR>
			<INTENSITY>0.6000000</INTENSITY>
			<ATTENUATIONSTART>245.0000000</ATTENUATIONSTART>
			<ATTENUATIONEND>445.0000000</ATTENUATIONEND>
		</LIGHT>
		<LIGHT name="Omni_light_pri_b 13">
			<POSITION>-0.6406250 998.5183105 238.8573608</POSITION>
			<COLOR>1.0000000 0.9725491 0.8666667</COLOR>
			<INTENSITY>0.6000000</INTENSITY>
			<ATTENUATIONSTART>245.0000000</ATTENUATIONSTART>
			<ATTENUATIONEND>445.0000000</ATTENUATIONEND>
		</LIGHT>
		<LIGHT name="Omni_light_pri_b 14">
			<POSITION>-0.6406250 1998.5183105 238.8573914</POSITION>
			<COLOR>1.0000000 0.9725491 0.8666667</COLOR>
			<INTENSITY>0.6000000</INTENSITY>
			<ATTENUATIONSTART>245.0000000</ATTENUATIONSTART>
			<ATTENUATIONEND>445.0000000</ATTENUATIONEND>
		</LIGHT>
		<LIGHT name="Omni_light_pri_b 15">
			<POSITION>-0.6406250 -2001.4816895 238.8572388</POSITION>
			<COLOR>1.0000000 0.9725491 0.8666667</COLOR>
			<INTENSITY>0.6000000</INTENSITY>
			<ATTENUATIONSTART>245.0000000</ATTENUATIONSTART>
			<ATTENUATIONEND>445.0000000</ATTENUATIONEND>
		</LIGHT>
		<LIGHT name="Omni_deco 01">
			<POSITION>785.9570313 5179.0341797 99.4800415</POSITION>
			<COLOR>1.0000000 0.5725490 0.3411765</COLOR>
			<INTENSITY>0.7000000</INTENSITY>
			<ATTENUATIONSTART>76.0000000</ATTENUATIONSTART>
			<ATTENUATIONEND>426.0000000</ATTENUATIONEND>
		</LIGHT>
		<LIGHT name="Omni_deco 03">
			<POSITION>-1639.6640625 4382.6230469 99.4800415</POSITION>
			<COLOR>1.0000000 0.5725490 0.3411765</COLOR>
			<INTENSITY>0.7000000</INTENSITY>
			<ATTENUATIONSTART>76.0000000</ATTENUATIONSTART>
			<ATTENUATIONEND>426.0000000</ATTENUATIONEND>
		</LIGHT>
		<LIGHT name="Omni_deco 04">
			<POSITION>300.0019531 4382.6230469 99.4800415</POSITION>
			<COLOR>1.0000000 0.5725490 0.3411765</COLOR>
			<INTENSITY>0.7000000</INTENSITY>
			<ATTENUATIONSTART>76.0000000</ATTENUATIONSTART>
			<ATTENUATIONEND>426.0000000</ATTENUATIONEND>
		</LIGHT>
		<LIGHT name="Omni_deco 05">
			<POSITION>114.4023438 -4383.8588867 99.4800415</POSITION>
			<COLOR>1.0000000 0.5725490 0.3411765</COLOR>
			<INTENSITY>0.7000000</INTENSITY>
			<ATTENUATIONSTART>76.0000000</ATTENUATIONSTART>
			<ATTENUATIONEND>426.0000000</ATTENUATIONEND>
		</LIGHT>
		<LIGHT name="Omni_deco 06">
			<POSITION>-964.9648438 -4383.8588867 99.4800415</POSITION>
			<COLOR>1.0000000 0.5725490 0.3411765</COLOR>
			<INTENSITY>0.7000000</INTENSITY>
			<ATTENUATIONSTART>76.0000000</ATTENUATIONSTART>
			<ATTENUATIONEND>426.0000000</ATTENUATIONEND>
		</LIGHT>
		<LIGHT name="Omni_deco 07">
			<POSITION>-2735.4140625 -4131.8500977 99.4800415</POSITION>
			<COLOR>1.0000000 0.5725490 0.3411765</COLOR>
			<INTENSITY>0.7000000</INTENSITY>
			<ATTENUATIONSTART>76.0000000</ATTENUATIONSTART>
			<ATTENUATIONEND>426.0000000</ATTENUATIONEND>
		</LIGHT>
		<LIGHT name="Omni_deco 08">
			<POSITION>1294.2226563 -5413.3369141 -141.8834991</POSITION>
			<COLOR>1.0000000 0.5725490 0.3411765</COLOR>
			<INTENSITY>0.7000000</INTENSITY>
			<ATTENUATIONSTART>76.0000000</ATTENUATIONSTART>
			<ATTENUATIONEND>426.0000000</ATTENUATIONEND>
		</LIGHT>
		<LIGHT name="Omni_deco 09">
			<POSITION>210.7890625 -3690.2380371 99.4800415</POSITION>
			<COLOR>1.0000000 0.5725490 0.3411765</COLOR>
			<INTENSITY>0.7000000</INTENSITY>
			<ATTENUATIONSTART>76.0000000</ATTENUATIONSTART>
			<ATTENUATIONEND>426.0000000</ATTENUATIONEND>
		</LIGHT>
		<LIGHT name="Omni_deco 10">
			<POSITION>-1106.0468750 3548.3586426 99.4800415</POSITION>
			<COLOR>1.0000000 0.5725490 0.3411765</COLOR>
			<INTENSITY>0.7000000</INTENSITY>
			<ATTENUATIONSTART>76.0000000</ATTENUATIONSTART>
			<ATTENUATIONEND>426.0000000</ATTENUATIONEND>
		</LIGHT>
		<LIGHT name="obj_Omni_deco 12">
			<POSITION>785.9570313 5179.0341797 96.0038834</POSITION>
			<COLOR>1.0000000 0.5725490 0.3411765</COLOR>
			<INTENSITY>0.5000000</INTENSITY>
			<ATTENUATIONSTART>76.0000000</ATTENUATIONSTART>
			<ATTENUATIONEND>265.0000000</ATTENUATIONEND>
		</LIGHT>
		<LIGHT name="obj_Omni_deco 13">
			<POSITION>300.0019531 4382.6230469 96.0038834</POSITION>
			<COLOR>1.0000000 0.5725490 0.3411765</COLOR>
			<INTENSITY>0.5000000</INTENSITY>
			<ATTENUATIONSTART>76.0000000</ATTENUATIONSTART>
			<ATTENUATIONEND>265.0000000</ATTENUATIONEND>
		</LIGHT>
		<LIGHT name="obj_Omni_deco 14">
			<POSITION>-1639.6640625 4382.6230469 96.0038834</POSITION>
			<COLOR>1.0000000 0.5725490 0.3411765</COLOR>
			<INTENSITY>0.5000000</INTENSITY>
			<ATTENUATIONSTART>76.0000000</ATTENUATIONSTART>
			<ATTENUATIONEND>265.0000000</ATTENUATIONEND>
		</LIGHT>
		<LIGHT name="obj_Omni_deco 15">
			<POSITION>-1106.0468750 3548.3586426 96.0038834</POSITION>
			<COLOR>1.0000000 0.5725490 0.3411765</COLOR>
			<INTENSITY>0.5000000</INTENSITY>
			<ATTENUATIONSTART>76.0000000</ATTENUATIONSTART>
			<ATTENUATIONEND>265.0000000</ATTENUATIONEND>
		</LIGHT>
		<LIGHT name="obj_Omni_deco 16">
			<POSITION>210.7890625 -3690.2380371 96.0038834</POSITION>
			<COLOR>1.0000000 0.5725490 0.3411765</COLOR>
			<INTENSITY>0.5000000</INTENSITY>
			<ATTENUATIONSTART>76.0000000</ATTENUATIONSTART>
			<ATTENUATIONEND>265.0000000</ATTENUATIONEND>
		</LIGHT>
		<LIGHT name="obj_Omni_deco 17">
			<POSITION>114.4023438 -4383.8588867 96.0038834</POSITION>
			<COLOR>1.0000000 0.5725490 0.3411765</COLOR>
			<INTENSITY>0.5000000</INTENSITY>
			<ATTENUATIONSTART>76.0000000</ATTENUATIONSTART>
			<ATTENUATIONEND>265.0000000</ATTENUATIONEND>
		</LIGHT>
		<LIGHT name="obj_Omni_deco 18">
			<POSITION>-964.9648438 -4383.8588867 96.0038834</POSITION>
			<COLOR>1.0000000 0.5725490 0.3411765</COLOR>
			<INTENSITY>0.5000000</INTENSITY>
			<ATTENUATIONSTART>76.0000000</ATTENUATIONSTART>
			<ATTENUATIONEND>265.0000000</ATTENUATIONEND>
		</LIGHT>
		<LIGHT name="obj_Omni_deco 19">
			<POSITION>1294.2226563 -5413.3369141 -145.3596497</POSITION>
			<COLOR>1.0000000 0.5725490 0.3411765</COLOR>
			<INTENSITY>0.5000000</INTENSITY>
			<ATTENUATIONSTART>76.0000000</ATTENUATIONSTART>
			<ATTENUATIONEND>265.0000000</ATTENUATIONEND>
		</LIGHT>
		<LIGHT name="obj_Omni_deco 20">
			<POSITION>-699.5468750 4382.6230469 96.0038834</POSITION>
			<COLOR>1.0000000 0.5725490 0.3411765</COLOR>
			<INTENSITY>0.5000000</INTENSITY>
			<ATTENUATIONSTART>76.0000000</ATTENUATIONSTART>
			<ATTENUATIONEND>265.0000000</ATTENUATIONEND>
		</LIGHT>
		<LIGHT name="Omni_deco 12">
			<POSITION>-699.5468750 4382.6230469 99.4800415</POSITION>
			<COLOR>1.0000000 0.5725490 0.3411765</COLOR>
			<INTENSITY>0.7000000</INTENSITY>
			<ATTENUATIONSTART>76.0000000</ATTENUATIONSTART>
			<ATTENUATIONEND>426.0000000</ATTENUATIONEND>
		</LIGHT>
		<LIGHT name="obj_Omni_deco 21">
			<POSITION>776.6250000 -3966.3227539 96.0038834</POSITION>
			<COLOR>1.0000000 0.5725490 0.3411765</COLOR>
			<INTENSITY>0.5000000</INTENSITY>
			<ATTENUATIONSTART>76.0000000</ATTENUATIONSTART>
			<ATTENUATIONEND>265.0000000</ATTENUATIONEND>
		</LIGHT>
		<LIGHT name="Omni_deco 13">
			<POSITION>776.6250000 -3966.3227539 99.4800415</POSITION>
			<COLOR>1.0000000 0.5725490 0.3411765</COLOR>
			<INTENSITY>0.7000000</INTENSITY>
			<ATTENUATIONSTART>76.0000000</ATTENUATIONSTART>
			<ATTENUATIONEND>426.0000000</ATTENUATIONEND>
		</LIGHT>
		<LIGHT name="obj_Omni_deco 22">
			<POSITION>1120.3984375 2468.5412598 334.8681641</POSITION>
			<COLOR>1.0000000 0.5725490 0.3411765</COLOR>
			<INTENSITY>0.5000000</INTENSITY>
			<ATTENUATIONSTART>76.0000000</ATTENUATIONSTART>
			<ATTENUATIONEND>265.0000000</ATTENUATIONEND>
		</LIGHT>
		<LIGHT name="Omni_deco 14">
			<POSITION>1120.3984375 2468.5412598 338.3442993</POSITION>
			<COLOR>1.0000000 0.5725490 0.3411765</COLOR>
			<INTENSITY>0.7000000</INTENSITY>
			<ATTENUATIONSTART>76.0000000</ATTENUATIONSTART>
			<ATTENUATIONEND>426.0000000</ATTENUATIONEND>
		</LIGHT>
		<LIGHT name="obj_Omni_deco 23">
			<POSITION>-1119.2968750 2468.5412598 334.8681641</POSITION>
			<COLOR>1.0000000 0.5725490 0.3411765</COLOR>
			<INTENSITY>0.5000000</INTENSITY>
			<ATTENUATIONSTART>76.0000000</ATTENUATIONSTART>
			<ATTENUATIONEND>265.0000000</ATTENUATIONEND>
		</LIGHT>
		<LIGHT name="Omni_deco 15">
			<POSITION>-1119.2968750 2468.5412598 338.3442993</POSITION>
			<COLOR>1.0000000 0.5725490 0.3411765</COLOR>
			<INTENSITY>0.7000000</INTENSITY>
			<ATTENUATIONSTART>76.0000000</ATTENUATIONSTART>
			<ATTENUATIONEND>426.0000000</ATTENUATIONEND>
		</LIGHT>
		<LIGHT name="obj_Omni_deco 24">
			<POSITION>-1119.2968750 -2466.2023926 334.8681641</POSITION>
			<COLOR>1.0000000 0.5725490 0.3411765</COLOR>
			<INTENSITY>0.5000000</INTENSITY>
			<ATTENUATIONSTART>76.0000000</ATTENUATIONSTART>
			<ATTENUATIONEND>265.0000000</ATTENUATIONEND>
		</LIGHT>
		<LIGHT name="Omni_deco 16">
			<POSITION>-1119.2968750 -2466.2023926 338.3442993</POSITION>
			<COLOR>1.0000000 0.5725490 0.3411765</COLOR>
			<INTENSITY>0.7000000</INTENSITY>
			<ATTENUATIONSTART>76.0000000</ATTENUATIONSTART>
			<ATTENUATIONEND>426.0000000</ATTENUATIONEND>
		</LIGHT>
		<LIGHT name="Omni_deco 17">
			<POSITION>1120.3984375 -2466.2023926 338.3442993</POSITION>
			<COLOR>1.0000000 0.5725490 0.3411765</COLOR>
			<INTENSITY>0.7000000</INTENSITY>
			<ATTENUATIONSTART>76.0000000</ATTENUATIONSTART>
			<ATTENUATIONEND>426.0000000</ATTENUATIONEND>
		</LIGHT>
		<LIGHT name="obj_Omni_deco 25">
			<POSITION>1120.3984375 -2466.2023926 334.8681641</POSITION>
			<COLOR>1.0000000 0.5725490 0.3411765</COLOR>
			<INTENSITY>0.5000000</INTENSITY>
			<ATTENUATIONSTART>76.0000000</ATTENUATIONSTART>
			<ATTENUATIONEND>265.0000000</ATTENUATIONEND>
		</LIGHT>
		<LIGHT name="obj_Omni_deco 27">
			<POSITION>3563.3352051 3131.1811523 121.7005310</POSITION>
			<COLOR>1.0000000 0.5725490 0.3411765</COLOR>
			<INTENSITY>0.5000000</INTENSITY>
			<ATTENUATIONSTART>76.0000000</ATTENUATIONSTART>
			<ATTENUATIONEND>265.0000000</ATTENUATIONEND>
		</LIGHT>
		<LIGHT name="Omni_deco 19">
			<POSITION>3563.3352051 3131.1811523 125.1766052</POSITION>
			<COLOR>1.0000000 0.5725490 0.3411765</COLOR>
			<INTENSITY>0.7000000</INTENSITY>
			<ATTENUATIONSTART>76.0000000</ATTENUATIONSTART>
			<ATTENUATIONEND>426.0000000</ATTENUATIONEND>
		</LIGHT>
		<LIGHT name="Omni_deco 20">
			<POSITION>2431.9335938 5084.8266602 147.4380951</POSITION>
			<COLOR>1.0000000 0.5725490 0.3411765</COLOR>
			<INTENSITY>0.7000000</INTENSITY>
			<ATTENUATIONSTART>76.0000000</ATTENUATIONSTART>
			<ATTENUATIONEND>426.0000000</ATTENUATIONEND>
		</LIGHT>
		<LIGHT name="obj_Omni_deco 28">
			<POSITION>2431.9335938 5084.8266602 143.9619598</POSITION>
			<COLOR>1.0000000 0.5725490 0.3411765</COLOR>
			<INTENSITY>0.5000000</INTENSITY>
			<ATTENUATIONSTART>76.0000000</ATTENUATIONSTART>
			<ATTENUATIONEND>265.0000000</ATTENUATIONEND>
		</LIGHT>
		<LIGHT name="Omni_light_pri_c 01">
			<POSITION>-0.6406250 1750.7655029 272.7481995</POSITION>
			<COLOR>1.0000000 0.6196079 0.6196079</COLOR>
			<INTENSITY>0.5000000</INTENSITY>
			<ATTENUATIONSTART>238.0000000</ATTENUATIONSTART>
			<ATTENUATIONEND>546.0000000</ATTENUATIONEND>
		</LIGHT>
		<LIGHT name="Omni_light_pri_c 05">
			<POSITION>-0.6406250 437.1585388 272.7481995</POSITION>
			<COLOR>1.0000000 0.6196079 0.6196079</COLOR>
			<INTENSITY>0.5000000</INTENSITY>
			<ATTENUATIONSTART>238.0000000</ATTENUATIONSTART>
			<ATTENUATIONEND>546.0000000</ATTENUATIONEND>
		</LIGHT>
		<LIGHT name="Omni_light_pri_c 06">
			<POSITION>-0.6406250 -465.8732910 272.7481995</POSITION>
			<COLOR>1.0000000 0.6196079 0.6196079</COLOR>
			<INTENSITY>0.5000000</INTENSITY>
			<ATTENUATIONSTART>238.0000000</ATTENUATIONSTART>
			<ATTENUATIONEND>546.0000000</ATTENUATIONEND>
		</LIGHT>
		<LIGHT name="obj_Omni_light_pri_a 07">
			<POSITION>-0.6406250 -13.2712402 736.4517822</POSITION>
			<COLOR>1.0000000 1.0000000 0.7960785</COLOR>
			<INTENSITY>1.2000000</INTENSITY>
			<ATTENUATIONSTART>523.0000000</ATTENUATIONSTART>
			<ATTENUATIONEND>1209.0000000</ATTENUATIONEND>
			<CASTSHADOW/>
		</LIGHT>
		<LIGHT name="obj_Omni_light_pri_a 08">
			<POSITION>-0.6406250 986.7287598 736.4517822</POSITION>
			<COLOR>1.0000000 1.0000000 0.7960785</COLOR>
			<INTENSITY>1.2000000</INTENSITY>
			<ATTENUATIONSTART>523.0000000</ATTENUATIONSTART>
			<ATTENUATIONEND>1209.0000000</ATTENUATIONEND>
			<CASTSHADOW/>
		</LIGHT>
		<LIGHT name="obj_Omni_light_pri_a 09">
			<POSITION>-0.6406250 1986.7287598 736.4517822</POSITION>
			<COLOR>1.0000000 1.0000000 0.7960785</COLOR>
			<INTENSITY>1.2000000</INTENSITY>
			<ATTENUATIONSTART>523.0000000</ATTENUATIONSTART>
			<ATTENUATIONEND>1209.0000000</ATTENUATIONEND>
			<CASTSHADOW/>
		</LIGHT>
		<LIGHT name="obj_Omni_light_pri_a 10">
			<POSITION>-0.6406250 -2013.2712402 736.4517822</POSITION>
			<COLOR>1.0000000 1.0000000 0.7960785</COLOR>
			<INTENSITY>1.2000000</INTENSITY>
			<ATTENUATIONSTART>523.0000000</ATTENUATIONSTART>
			<ATTENUATIONEND>1209.0000000</ATTENUATIONEND>
			<CASTSHADOW/>
		</LIGHT>
		<LIGHT name="obj_Omni_light_pri_a 11">
			<POSITION>-0.6406250 -1013.2712402 736.4517822</POSITION>
			<COLOR>1.0000000 1.0000000 0.7960785</COLOR>
			<INTENSITY>1.2000000</INTENSITY>
			<ATTENUATIONSTART>523.0000000</ATTENUATIONSTART>
			<ATTENUATIONEND>1209.0000000</ATTENUATIONEND>
			<CASTSHADOW/>
		</LIGHT>
		<LIGHT name="Omni_light_way_a 35">
			<POSITION>-2529.9863281 2829.3300781 342.9384155</POSITION>
			<COLOR>1.0000000 1.0000000 1.0000000</COLOR>
			<INTENSITY>0.8000000</INTENSITY>
			<ATTENUATIONSTART>255.0000000</ATTENUATIONSTART>
			<ATTENUATIONEND>568.0000000</ATTENUATIONEND>
			<CASTSHADOW/>
		</LIGHT>
		<LIGHT name="obj_Omni_light_way_a 46">
			<POSITION>-1344.8359375 -4176.4921875 337.9385376</POSITION>
			<COLOR>1.0000000 1.0000000 1.0000000</COLOR>
			<INTENSITY>1.0000000</INTENSITY>
			<ATTENUATIONSTART>200.0000000</ATTENUATIONSTART>
			<ATTENUATIONEND>800.0000000</ATTENUATIONEND>
			<CASTSHADOW/>
		</LIGHT>
		<LIGHT name="Omni_light_way_a 46">
			<POSITION>-1344.8359375 -4176.4921875 342.9385376</POSITION>
			<COLOR>1.0000000 1.0000000 1.0000000</COLOR>
			<INTENSITY>0.8000000</INTENSITY>
			<ATTENUATIONSTART>255.0000000</ATTENUATIONSTART>
			<ATTENUATIONEND>568.0000000</ATTENUATIONEND>
			<CASTSHADOW/>
		</LIGHT>
		<LIGHT name="Omni_light_shower_a 01">
			<POSITION>2196.9719238 3189.1767578 324.1281738</POSITION>
			<COLOR>1.0000000 1.0000000 1.0000000</COLOR>
			<INTENSITY>1.2000000</INTENSITY>
			<ATTENUATIONSTART>144.0000000</ATTENUATIONSTART>
			<ATTENUATIONEND>340.0000000</ATTENUATIONEND>
			<CASTSHADOW/>
		</LIGHT>
		<LIGHT name="Omni_light_shower_a 02">
			<POSITION>3791.9455566 3189.1767578 324.1281738</POSITION>
			<COLOR>1.0000000 1.0000000 1.0000000</COLOR>
			<INTENSITY>1.2000000</INTENSITY>
			<ATTENUATIONSTART>144.0000000</ATTENUATIONSTART>
			<ATTENUATIONEND>340.0000000</ATTENUATIONEND>
			<CASTSHADOW/>
		</LIGHT>
		<LIGHT name="Omni_light_shower_b 01">
			<POSITION>2196.9719238 3596.3786621 469.3904419</POSITION>
			<COLOR>1.0000000 1.0000000 1.0000000</COLOR>
			<INTENSITY>0.6000000</INTENSITY>
			<ATTENUATIONSTART>210.0000000</ATTENUATIONSTART>
			<ATTENUATIONEND>624.0000000</ATTENUATIONEND>
			<CASTSHADOW/>
		</LIGHT>
		<LIGHT name="Omni_light_shower_b 07">
			<POSITION>2175.0488281 4686.6518555 469.3905640</POSITION>
			<COLOR>1.0000000 1.0000000 1.0000000</COLOR>
			<INTENSITY>0.6000000</INTENSITY>
			<ATTENUATIONSTART>210.0000000</ATTENUATIONSTART>
			<ATTENUATIONEND>624.0000000</ATTENUATIONEND>
			<CASTSHADOW/>
		</LIGHT>
		<LIGHT name="Omni_light_shower_b 10">
			<POSITION>3790.4550781 4681.7866211 469.3905640</POSITION>
			<COLOR>1.0000000 1.0000000 1.0000000</COLOR>
			<INTENSITY>0.6000000</INTENSITY>
			<ATTENUATIONSTART>210.0000000</ATTENUATIONSTART>
			<ATTENUATIONEND>624.0000000</ATTENUATIONEND>
			<CASTSHADOW/>
		</LIGHT>
		<LIGHT name="Omni_light_shower_b 11">
			<POSITION>3796.1047363 4088.4340820 469.3905640</POSITION>
			<COLOR>1.0000000 1.0000000 1.0000000</COLOR>
			<INTENSITY>0.6000000</INTENSITY>
			<ATTENUATIONSTART>210.0000000</ATTENUATIONSTART>
			<ATTENUATIONEND>624.0000000</ATTENUATIONEND>
			<CASTSHADOW/>
		</LIGHT>
		<LIGHT name="Omni_light_way_a 47">
			<POSITION>-2538.3398438 -3201.8730469 342.9385376</POSITION>
			<COLOR>1.0000000 1.0000000 1.0000000</COLOR>
			<INTENSITY>0.8000000</INTENSITY>
			<ATTENUATIONSTART>255.0000000</ATTENUATIONSTART>
			<ATTENUATIONEND>568.0000000</ATTENUATIONEND>
			<CASTSHADOW/>
		</LIGHT>
		<LIGHT name="Omni_deco 27">
			<POSITION>3913.5256348 3596.3325195 285.4368896</POSITION>
			<COLOR>1.0000000 0.5725490 0.3411765</COLOR>
			<INTENSITY>0.7000000</INTENSITY>
			<ATTENUATIONSTART>76.0000000</ATTENUATIONSTART>
			<ATTENUATIONEND>426.0000000</ATTENUATIONEND>
		</LIGHT>
		<LIGHT name="Omni_deco 28">
			<POSITION>3913.5256348 4617.8291016 285.4368896</POSITION>
			<COLOR>1.0000000 0.5725490 0.3411765</COLOR>
			<INTENSITY>0.7000000</INTENSITY>
			<ATTENUATIONSTART>76.0000000</ATTENUATIONSTART>
			<ATTENUATIONEND>426.0000000</ATTENUATIONEND>
		</LIGHT>
		<LIGHT name="Omni_deco 30">
			<POSITION>2076.1711426 4087.8901367 285.4368896</POSITION>
			<COLOR>1.0000000 0.5725490 0.3411765</COLOR>
			<INTENSITY>0.7000000</INTENSITY>
			<ATTENUATIONSTART>76.0000000</ATTENUATIONSTART>
			<ATTENUATIONEND>426.0000000</ATTENUATIONEND>
		</LIGHT>
		<LIGHT name="Omni_main b 01">
			<POSITION>-6515.5117188 8000.0004883 -6354.1108398</POSITION>
			<COLOR>1.0000000 1.0000000 1.0000000</COLOR>
			<INTENSITY>0.0500000</INTENSITY>
			<ATTENUATIONSTART>25000.0000000</ATTENUATIONSTART>
			<ATTENUATIONEND>25000.0000000</ATTENUATIONEND>
		</LIGHT>
		<LIGHT name="Omni_main b 02">
			<POSITION>9484.4882813 8000.0004883 -6354.1108398</POSITION>
			<COLOR>1.0000000 1.0000000 1.0000000</COLOR>
			<INTENSITY>0.0500000</INTENSITY>
			<ATTENUATIONSTART>25000.0000000</ATTENUATIONSTART>
			<ATTENUATIONEND>25000.0000000</ATTENUATIONEND>
		</LIGHT>
		<LIGHT name="Omni_main b 03">
			<POSITION>9484.4882813 -8000.0000000 -6354.1108398</POSITION>
			<COLOR>1.0000000 1.0000000 1.0000000</COLOR>
			<INTENSITY>0.0500000</INTENSITY>
			<ATTENUATIONSTART>25000.0000000</ATTENUATIONSTART>
			<ATTENUATIONEND>25000.0000000</ATTENUATIONEND>
		</LIGHT>
		<LIGHT name="Omni_main b 04">
			<POSITION>-6515.5117188 -8000.0000000 -6354.1108398</POSITION>
			<COLOR>1.0000000 1.0000000 1.0000000</COLOR>
			<INTENSITY>0.0500000</INTENSITY>
			<ATTENUATIONSTART>25000.0000000</ATTENUATIONSTART>
			<ATTENUATIONEND>25000.0000000</ATTENUATIONEND>
		</LIGHT>
		<LIGHT name="Omni_light_deco_a 01">
			<POSITION>72.6406250 -1057.5072021 430.3047180</POSITION>
			<COLOR>0.5607843 0.9960785 0.5921569</COLOR>
			<INTENSITY>0.5000000</INTENSITY>
			<ATTENUATIONSTART>257.0000000</ATTENUATIONSTART>
			<ATTENUATIONEND>807.0000000</ATTENUATIONEND>
		</LIGHT>
		<LIGHT name="Omni_light_deco_a 02">
			<POSITION>11.4375000 1006.6351318 430.3047180</POSITION>
			<COLOR>0.5607843 0.9960785 0.5921569</COLOR>
			<INTENSITY>0.5000000</INTENSITY>
			<ATTENUATIONSTART>257.0000000</ATTENUATIONSTART>
			<ATTENUATIONEND>807.0000000</ATTENUATIONEND>
		</LIGHT>
		<LIGHT name="Omni_light_way_a 55">
			<POSITION>-2541.4550781 4176.2548828 342.9385376</POSITION>
			<COLOR>0.4588236 0.8549020 1.0000000</COLOR>
			<INTENSITY>0.7000000</INTENSITY>
			<ATTENUATIONSTART>200.0000000</ATTENUATIONSTART>
			<ATTENUATIONEND>800.0000000</ATTENUATIONEND>
			<CASTSHADOW/>
		</LIGHT>
		<LIGHT name="Omni_light_deco_a 03">
			<POSITION>215.3339844 4154.3168945 248.8955383</POSITION>
			<COLOR>0.5607843 0.9960785 0.5921569</COLOR>
			<INTENSITY>0.4000000</INTENSITY>
			<ATTENUATIONSTART>247.0000000</ATTENUATIONSTART>
			<ATTENUATIONEND>1149.0000000</ATTENUATIONEND>
		</LIGHT>
		<LIGHT name="Omni_light_deco_a 06">
			<POSITION>-2251.5585938 -4175.2661133 248.8955383</POSITION>
			<COLOR>0.5607843 0.9960785 0.5921569</COLOR>
			<INTENSITY>0.4000000</INTENSITY>
			<ATTENUATIONSTART>247.0000000</ATTENUATIONSTART>
			<ATTENUATIONEND>1149.0000000</ATTENUATIONEND>
		</LIGHT>
		<LIGHT name="obj_Omni_d-pipe_a 03">
			<POSITION>1565.4609375 -6127.6982422 -351.5020142</POSITION>
			<COLOR>1.0000000 0.9137256 0.6431373</COLOR>
			<INTENSITY>0.7000000</INTENSITY>
			<ATTENUATIONSTART>228.0000000</ATTENUATIONSTART>
			<ATTENUATIONEND>574.0000000</ATTENUATIONEND>
			<CASTSHADOW/>
		</LIGHT>
	</LIGHTLIST>
	<OBJECTLIST>
		<OBJECT name="Prison II_obj_water_a 01.elu">
		</OBJECT>
		<OBJECT name="Prison II_ani_light_add_a 01.elu">
		</OBJECT>
		<OBJECT name="Prison II_ani_light_add_a 03.elu">
		</OBJECT>
		<OBJECT name="Prison II_ani_light_add_a 04.elu">
		</OBJECT>
		<OBJECT name="Prison II_ani_light_add_a 05.elu">
		</OBJECT>
		<OBJECT name="Prison II_ani_light_add_a 02.elu">
		</OBJECT>
		<OBJECT name="Prison II_ani_light_add_d 01.elu">
		</OBJECT>
	</OBJECTLIST>
	<DUMMYLIST>
		<DUMMY name="wait_pos_01">
			<POSITION>98.7480469 -2377.7634277 579.2142944</POSITION>
			<DIRECTION>-0.0479876 0.9964147 0.0696761</DIRECTION>
		</DUMMY>
		<DUMMY name="spawn_team1_101">
			<POSITION>2989.6086426 3298.8872070 -246.7167664</POSITION>
			<DIRECTION>0.0000000 0.9999999 0.0000000</DIRECTION>
		</DUMMY>
		<DUMMY name="spawn_solo_101">
			<POSITION>-1260.1289063 -4188.3017578 3.2832472</POSITION>
			<DIRECTION>0.9999999 0.0000000 0.0000000</DIRECTION>
		</DUMMY>
		<DUMMY name="spawn_team2_101">
			<POSITION>500.9804688 -6483.5361328 -702.1641235</POSITION>
			<DIRECTION>0.9999999 0.0000000 0.0000000</DIRECTION>
		</DUMMY>
		<DUMMY name="spawn_solo_102">
			<POSITION>1006.9991455 -1010.0488892 440.6706543</POSITION>
			<DIRECTION>-0.9999999 0.0000000 0.0000000</DIRECTION>
		</DUMMY>
		<DUMMY name="spawn_solo_103">
			<POSITION>980.2050781 -26.7116718 440.6707153</POSITION>
			<DIRECTION>-0.9999999 0.0000000 0.0000000</DIRECTION>
		</DUMMY>
		<DUMMY name="spawn_solo_104">
			<POSITION>-336.4778442 -6486.0078125 -700.2904663</POSITION>
			<DIRECTION>0.9999999 0.0000000 0.0000000</DIRECTION>
		</DUMMY>
		<DUMMY name="spawn_solo_105">
			<POSITION>-1066.0546875 -2354.4257813 243.2836151</POSITION>
			<DIRECTION>0.9999999 0.0000000 0.0000000</DIRECTION>
		</DUMMY>
		<DUMMY name="spawn_solo_106">
			<POSITION>1001.2656250 5223.6274414 3.2832625</POSITION>
			<DIRECTION>-0.0000001 -0.9999999 0.0000000</DIRECTION>
		</DUMMY>
		<DUMMY name="spawn_solo_107">
			<POSITION>2066.5136719 -5334.5068359 -236.7164764</POSITION>
			<DIRECTION>-0.9999999 0.0000000 0.0000000</DIRECTION>
		</DUMMY>
		<DUMMY name="spawn_solo_108">
			<POSITION>1061.3320313 2359.4384766 243.2836151</POSITION>
			<DIRECTION>-0.9999999 0.0000000 0.0000000</DIRECTION>
		</DUMMY>
		<DUMMY name="spawn_solo_109">
			<POSITION>2105.5869141 -6481.2309570 -699.6389160</POSITION>
			<DIRECTION>-0.9999999 0.0000000 0.0000000</DIRECTION>
		</DUMMY>
		<DUMMY name="spawn_solo_110">
			<POSITION>-60.3046875 1292.2102051 3.2832625</POSITION>
			<DIRECTION>-0.0000003 -0.9999999 0.0000000</DIRECTION>
		</DUMMY>
		<DUMMY name="spawn_solo_111">
			<POSITION>1009.8524170 -1008.2481079 440.6707153</POSITION>
			<DIRECTION>-0.9999999 0.0000000 0.0000000</DIRECTION>
		</DUMMY>
		<DUMMY name="spawn_solo_112">
			<POSITION>-1054.4602051 3792.4392090 3.2832625</POSITION>
			<DIRECTION>-0.0000001 -0.9999999 0.0000000</DIRECTION>
		</DUMMY>
		<DUMMY name="spawn_solo_113">
			<POSITION>-1053.7343750 2349.5976563 243.2836151</POSITION>
			<DIRECTION>0.9999999 0.0000000 0.0000000</DIRECTION>
		</DUMMY>
		<DUMMY name="spawn_solo_114">
			<POSITION>-1014.0976563 -491.0051270 440.6707153</POSITION>
			<DIRECTION>0.9999999 0.0000000 0.0000000</DIRECTION>
		</DUMMY>
		<DUMMY name="spawn_solo_115">
			<POSITION>1007.2441406 6.3210444 3.2832625</POSITION>
			<DIRECTION>-0.9999999 0.0000000 0.0000000</DIRECTION>
		</DUMMY>
		<DUMMY name="spawn_solo_116">
			<POSITION>3385.0891113 4748.8955078 -246.7167816</POSITION>
			<DIRECTION>-0.0000001 -0.9999999 0.0000000</DIRECTION>
		</DUMMY>
		<DUMMY name="spawn_solo_117">
			<POSITION>-987.3789063 1511.9902344 3.2832625</POSITION>
			<DIRECTION>0.9999999 0.0000000 0.0000000</DIRECTION>
		</DUMMY>
		<DUMMY name="spawn_solo_118">
			<POSITION>-1009.0878906 -2007.3967285 440.6707153</POSITION>
			<DIRECTION>0.9999999 0.0000000 0.0000000</DIRECTION>
		</DUMMY>
		<DUMMY name="spawn_solo_119">
			<POSITION>3395.2805176 3394.6137695 -246.7167816</POSITION>
			<DIRECTION>0.0000000 0.9999999 0.0000000</DIRECTION>
		</DUMMY>
		<DUMMY name="spawn_solo_120">
			<POSITION>2593.4777832 3400.6835938 -246.7167816</POSITION>
			<DIRECTION>0.0000000 0.9999999 0.0000000</DIRECTION>
		</DUMMY>
		<DUMMY name="spawn_solo_121">
			<POSITION>996.8183594 1999.1348877 440.6707153</POSITION>
			<DIRECTION>-0.9999999 0.0000000 0.0000000</DIRECTION>
		</DUMMY>
		<DUMMY name="spawn_solo_122">
			<POSITION>-1688.4746094 4169.4863281 3.2832625</POSITION>
			<DIRECTION>0.9999999 0.0000000 0.0000000</DIRECTION>
		</DUMMY>
		<DUMMY name="spawn_solo_123">
			<POSITION>1060.9492188 -2356.6513672 243.2836151</POSITION>
			<DIRECTION>-0.9999999 0.0000000 0.0000000</DIRECTION>
		</DUMMY>
		<DUMMY name="spawn_solo_124">
			<POSITION>-1015.7304688 501.7033081 3.2832625</POSITION>
			<DIRECTION>0.9999999 0.0000000 0.0000000</DIRECTION>
		</DUMMY>
		<DUMMY name="spawn_solo_125">
			<POSITION>-988.1835938 -988.1123047 3.2832625</POSITION>
			<DIRECTION>0.9999999 0.0000000 0.0000000</DIRECTION>
		</DUMMY>
		<DUMMY name="spawn_solo_126">
			<POSITION>603.8183594 -3068.3420410 3.2832472</POSITION>
			<DIRECTION>-0.9999999 0.0000000 0.0000000</DIRECTION>
		</DUMMY>
		<DUMMY name="spawn_solo_127">
			<POSITION>962.5742188 -1483.6456299 3.2832625</POSITION>
			<DIRECTION>-0.9999999 0.0000000 0.0000000</DIRECTION>
		</DUMMY>
		<DUMMY name="spawn_solo_128">
			<POSITION>76.6425781 -1373.8483887 3.2832625</POSITION>
			<DIRECTION>0.0000000 0.9999999 0.0000000</DIRECTION>
		</DUMMY>
		<DUMMY name="spawn_solo_129">
			<POSITION>2593.3039551 4777.1796875 -246.7167816</POSITION>
			<DIRECTION>-0.0000001 -0.9999999 0.0000000</DIRECTION>
		</DUMMY>
		<DUMMY name="spawn_solo_130">
			<POSITION>3005.3352051 4066.2126465 -246.7167816</POSITION>
			<DIRECTION>0.0000000 0.9999999 0.0000000</DIRECTION>
		</DUMMY>
		<DUMMY name="spawn_solo_131">
			<POSITION>975.1406250 1009.9998169 3.2832625</POSITION>
			<DIRECTION>-0.9999999 0.0000000 0.0000000</DIRECTION>
		</DUMMY>
		<DUMMY name="spawn_solo_132">
			<POSITION>-1020.4425659 502.2481689 440.6707153</POSITION>
			<DIRECTION>0.9999999 0.0000000 0.0000000</DIRECTION>
		</DUMMY>
		<DUMMY name="spawn_team2_102">
			<POSITION>362.2539063 -6369.3427734 -678.2152710</POSITION>
			<DIRECTION>0.9999999 0.0000000 0.0000000</DIRECTION>
		</DUMMY>
		<DUMMY name="spawn_team1_102">
			<POSITION>3249.5363770 3169.3085938 -246.7167664</POSITION>
			<DIRECTION>0.0000000 0.9999999 0.0000000</DIRECTION>
		</DUMMY>
		<DUMMY name="spawn_team2_103">
			<POSITION>230.9492188 -6369.3427734 -678.2152710</POSITION>
			<DIRECTION>0.9999999 0.0000000 0.0000000</DIRECTION>
		</DUMMY>
		<DUMMY name="spawn_team1_103">
			<POSITION>3118.2316895 3169.3085938 -246.7167664</POSITION>
			<DIRECTION>0.0000000 0.9999999 0.0000000</DIRECTION>
		</DUMMY>
		<DUMMY name="spawn_team2_104">
			<POSITION>99.6445313 -6369.3427734 -678.2152710</POSITION>
			<DIRECTION>0.9999999 0.0000000 0.0000000</DIRECTION>
		</DUMMY>
		<DUMMY name="spawn_team1_104">
			<POSITION>2986.9289551 3169.3085938 -246.7167664</POSITION>
			<DIRECTION>0.0000000 0.9999999 0.0000000</DIRECTION>
		</DUMMY>
		<DUMMY name="spawn_team2_105">
			<POSITION>-31.6601563 -6369.3427734 -678.2152710</POSITION>
			<DIRECTION>0.9999999 0.0000000 0.0000000</DIRECTION>
		</DUMMY>
		<DUMMY name="spawn_team1_105">
			<POSITION>2855.6242676 3169.3085938 -246.7167664</POSITION>
			<DIRECTION>0.0000000 0.9999999 0.0000000</DIRECTION>
		</DUMMY>
		<DUMMY name="spawn_team2_106">
			<POSITION>-162.9648438 -6369.3427734 -678.2152710</POSITION>
			<DIRECTION>0.9999999 0.0000000 0.0000000</DIRECTION>
		</DUMMY>
		<DUMMY name="spawn_team1_106">
			<POSITION>2724.3195801 3169.3085938 -246.7167664</POSITION>
			<DIRECTION>0.0000000 0.9999999 0.0000000</DIRECTION>
		</DUMMY>
		<DUMMY name="spawn_team2_107">
			<POSITION>368.0683594 -6601.9453125 -678.2152710</POSITION>
			<DIRECTION>0.9999999 0.0000000 0.0000000</DIRECTION>
		</DUMMY>
		<DUMMY name="spawn_team1_107">
			<POSITION>3256.0266113 3027.8083496 -246.7167664</POSITION>
			<DIRECTION>0.0000000 0.9999999 0.0000000</DIRECTION>
		</DUMMY>
		<DUMMY name="spawn_team2_108">
			<POSITION>236.7636719 -6601.9453125 -678.2152710</POSITION>
			<DIRECTION>0.9999999 0.0000000 0.0000000</DIRECTION>
		</DUMMY>
		<DUMMY name="spawn_team1_108">
			<POSITION>3124.7238770 3027.8083496 -246.7167664</POSITION>
			<DIRECTION>0.0000000 0.9999999 0.0000000</DIRECTION>
		</DUMMY>
		<DUMMY name="spawn_team2_109">
			<POSITION>105.4589844 -6601.9453125 -678.2152710</POSITION>
			<DIRECTION>0.9999999 0.0000000 0.0000000</DIRECTION>
		</DUMMY>
		<DUMMY name="spawn_team1_109">
			<POSITION>2993.4191895 3027.8083496 -246.7167664</POSITION>
			<DIRECTION>0.0000000 0.9999999 0.0000000</DIRECTION>
		</DUMMY>
		<DUMMY name="spawn_team2_110">
			<POSITION>-25.8457031 -6601.9453125 -678.2152710</POSITION>
			<DIRECTION>0.9999999 0.0000000 0.0000000</DIRECTION>
		</DUMMY>
		<DUMMY name="spawn_team1_110">
			<POSITION>2862.1145020 3027.8083496 -246.7167664</POSITION>
			<DIRECTION>0.0000000 0.9999999 0.0000000</DIRECTION>
		</DUMMY>
		<DUMMY name="spawn_team2_111">
			<POSITION>-157.1503906 -6601.9453125 -678.2152710</POSITION>
			<DIRECTION>0.9999999 0.0000000 0.0000000</DIRECTION>
		</DUMMY>
		<DUMMY name="spawn_team1_111">
			<POSITION>2730.8098145 3027.8083496 -246.7167664</POSITION>
			<DIRECTION>0.0000000 0.9999999 0.0000000</DIRECTION>
		</DUMMY>
		<DUMMY name="spawn_team2_112">
			<POSITION>365.3652344 -6486.0571289 -702.1641235</POSITION>
			<DIRECTION>0.9999999 0.0000000 0.0000000</DIRECTION>
		</DUMMY>
		<DUMMY name="spawn_team1_112">
			<POSITION>3253.7648926 2886.3083496 -246.7167664</POSITION>
			<DIRECTION>0.0000000 0.9999999 0.0000000</DIRECTION>
		</DUMMY>
		<DUMMY name="spawn_team2_113">
			<POSITION>234.0605469 -6486.0571289 -702.1641235</POSITION>
			<DIRECTION>0.9999999 0.0000000 0.0000000</DIRECTION>
		</DUMMY>
		<DUMMY name="spawn_team1_113">
			<POSITION>3122.4602051 2886.3083496 -246.7167664</POSITION>
			<DIRECTION>0.0000000 0.9999999 0.0000000</DIRECTION>
		</DUMMY>
		<DUMMY name="spawn_team2_114">
			<POSITION>102.7558594 -6486.0571289 -702.1641235</POSITION>
			<DIRECTION>0.9999999 0.0000000 0.0000000</DIRECTION>
		</DUMMY>
		<DUMMY name="spawn_team1_114">
			<POSITION>2991.1555176 2886.3083496 -246.7167664</POSITION>
			<DIRECTION>0.0000000 0.9999999 0.0000000</DIRECTION>
		</DUMMY>
		<DUMMY name="spawn_team2_115">
			<POSITION>-28.5488281 -6486.0571289 -702.1641235</POSITION>
			<DIRECTION>0.9999999 0.0000000 0.0000000</DIRECTION>
		</DUMMY>
		<DUMMY name="spawn_team1_115">
			<POSITION>2859.8508301 2886.3083496 -246.7167664</POSITION>
			<DIRECTION>0.0000000 0.9999999 0.0000000</DIRECTION>
		</DUMMY>
		<DUMMY name="spawn_team2_116">
			<POSITION>-159.8535156 -6486.0571289 -702.1641235</POSITION>
			<DIRECTION>0.9999999 0.0000000 0.0000000</DIRECTION>
		</DUMMY>
		<DUMMY name="spawn_team1_116">
			<POSITION>2728.5480957 2886.3083496 -246.7167664</POSITION>
			<DIRECTION>0.0000000 0.9999999 0.0000000</DIRECTION>
		</DUMMY>
		<DUMMY name="wait_pos_01">
			<POSITION>98.7480469 -2377.7634277 579.2142944</POSITION>
			<DIRECTION>-0.0479876 0.9964147 0.0696761</DIRECTION>
		</DUMMY>
		<DUMMY name="spawn_item_team_bullet02_01">
			<POSITION>-1130.6702881 -4191.2607422 3.2832642</POSITION>
			<DIRECTION>0.0000000 0.9999999 0.0000000</DIRECTION>
		</DUMMY>
		<DUMMY name="spawn_item_solo_bullet02_01">
			<POSITION>1867.5767822 -6487.0117188 -649.8615723</POSITION>
			<DIRECTION>0.0000000 0.9999999 0.0000000</DIRECTION>
		</DUMMY>
		<DUMMY name="spawn_item_solo_ap03_01">
			<POSITION>2993.0312500 4084.5275879 -246.7167664</POSITION>
			<DIRECTION>0.0000000 0.9999999 0.0000000</DIRECTION>
		</DUMMY>
		<DUMMY name="spawn_item_solo_hp03_01">
			<POSITION>0.0000000 -0.0000015 3.2833252</POSITION>
			<DIRECTION>0.0000000 0.9999999 0.0000000</DIRECTION>
		</DUMMY>
		<DUMMY name="spawn_item_team_bullet02_02">
			<POSITION>-1376.5926514 4180.6269531 3.2832642</POSITION>
			<DIRECTION>0.0000000 0.9999999 0.0000000</DIRECTION>
		</DUMMY>
		<DUMMY name="spawn_item_solo_hp02_01">
			<POSITION>102.1681519 -6487.0117188 -649.8615723</POSITION>
			<DIRECTION>0.0000000 0.9999999 0.0000000</DIRECTION>
		</DUMMY>
		<DUMMY name="snd_amb_a0_geyser_2d 01">
			<POSITION>1064.6777344 -6479.2343750 -456.5238647</POSITION>
			<DIRECTION>0.0000000 0.9999999 0.0000000</DIRECTION>
		</DUMMY>
		<DUMMY name="snd_amb_a1_dropwater 03">
			<POSITION>3687.4196777 4142.2739258 0.0001221</POSITION>
			<DIRECTION>0.0000000 0.9999999 0.0000000</DIRECTION>
		</DUMMY>
		<DUMMY name="snd_amb_a1_dropwater 01">
			<POSITION>2299.8337402 -6479.2343750 -512.9700317</POSITION>
			<DIRECTION>0.0000000 0.9999999 0.0000000</DIRECTION>
		</DUMMY>
		<DUMMY name="snd_amb_a1_dropwater 02">
			<POSITION>4.0983887 -6479.2343750 -512.9700317</POSITION>
			<DIRECTION>0.0000000 0.9999999 0.0000000</DIRECTION>
		</DUMMY>
	</DUMMYLIST>
	<OCCLUSIONLIST>
		<OCCLUSION name="wall_partition_01">
			<POSITION>1343.8398438 4883.5776367 2681.0349121</POSITION>
			<POSITION>1343.8398438 -4887.2749023 2681.0351563</POSITION>
			<POSITION>1343.8399658 -4887.2753906 -2492.1364746</POSITION>
			<POSITION>1343.8399658 4883.5776367 -2492.1364746</POSITION>
		</OCCLUSION>
		<OCCLUSION name="wall_partition_02">
			<POSITION>-3973.2001953 -6076.8974609 2681.0349121</POSITION>
			<POSITION>1430.0605469 -6076.8974609 2681.0349121</POSITION>
			<POSITION>1430.0605469 -6076.8974609 -2492.1369629</POSITION>
			<POSITION>-3973.2001953 -6076.8974609 -2492.1369629</POSITION>
		</OCCLUSION>
		<OCCLUSION name="wall_partition_03">
			<POSITION>-591.2232666 3663.3415527 2681.0354004</POSITION>
			<POSITION>2277.8537598 3663.3415527 2681.0354004</POSITION>
			<POSITION>2277.8537598 3663.3415527 -2492.1364746</POSITION>
			<POSITION>-591.2232666 3663.3415527 -2492.1364746</POSITION>
		</OCCLUSION>
	</OCCLUSIONLIST>
	<AMBIENTSOUNDLIST>
		<AMBIENTSOUND ObjName="snd_amb_a0_geyser_2d 01" type="a0" filename="amb_geyser_2d">
			<MIN_POSITION>-2000.0000000 -7700.0000000 -1500.0000000</MIN_POSITION>
			<MAX_POSITION>4000.0000000 -5400.0000000 500.0000000</MAX_POSITION>
		</AMBIENTSOUND>
		<AMBIENTSOUND ObjName="snd_amb_a1_dropwater 03" type="a1" filename="amb_dropwater_2d">
			<CENTER>3687.4196777 4142.2739258 0.0001221</CENTER>
			<RADIUS>2400</RADIUS>
		</AMBIENTSOUND>
		<AMBIENTSOUND ObjName="snd_amb_a1_dropwater 01" type="a1" filename="amb_dropwater_2d">
			<CENTER>2299.8337402 -6479.2343750 -512.9700317</CENTER>
			<RADIUS>700</RADIUS>
		</AMBIENTSOUND>
		<AMBIENTSOUND ObjName="snd_amb_a1_dropwater 02" type="a1" filename="amb_dropwater_2d">
			<CENTER>4.0983887 -6479.2343750 -512.9700317</CENTER>
			<RADIUS>700</RADIUS>
		</AMBIENTSOUND>
	</AMBIENTSOUNDLIST>
	<GLOBAL>
		<far_z>8000</far_z>
	</GLOBAL>
</XML>
