<?xml version="1.0" encoding="UTF-8"?>
<XML>
	<GAMETYPE id="solo">
		<SPAWN item="bullet02" timesec="45000">
			<POSITION>1867.5767822 -6487.0117188 -649.8615723</POSITION>
		</SPAWN>
		<SPAWN item="ap03" timesec="45000">
			<POSITION>2993.0312500 4084.5275879 -246.7167664</POSITION>
		</SPAWN>
		<SPAWN item="hp03" timesec="45000">
			<POSITION>0.0000000 -0.0000015 3.2833252</POSITION>
		</SPAWN>
		<SPAWN item="hp02" timesec="30000">
			<POSITION>102.1681519 -6487.0117188 -649.8615723</POSITION>
		</SPAWN>
</GAMETYPE><GAMETYPE id="team">
		<SPAWN item="bullet02" timesec="45000">
			<POSITION>-1130.6702881 -4191.2607422 3.2832642</POSITION>
		</SPAWN>
		<SPAWN item="bullet02" timesec="45000">
			<POSITION>-1376.5926514 4180.6269531 3.2832642</POSITION>
		</SPAWN>
</GAMETYPE>
</XML>
